InvoiceID,ItemID,Quantity,Units,TaxableAmount,TaxCode
1,1,10,Boxes,241.95,TAX1
2,1,7,Packets,222.76,TAX1
2,1,3,Bottles,962.82,TAX3
2,2,9,Bottles,200.83,TAX3
3,1,6,Packets,659.01,TAX3
3,3,6,Bottles,781.45,TAX2
3,1,1,Bottles,700.16,TAX1
3,1,5,Packets,970.79,TAX1
4,3,10,Packets,245.14,TAX3
5,3,3,Boxes,415.74,TAX1
5,1,7,Packets,996.51,TAX2
5,3,4,Packets,193.83,TAX1
5,2,8,Boxes,221.14,TAX1
6,2,1,Packets,358.49,TAX1
6,1,1,Bottles,662.68,TAX2
7,2,5,Packets,151.77,TAX2
7,3,5,Packets,939.55,TAX3
7,1,7,Packets,447.47,TAX3
7,2,3,Bottles,169.62,TAX3
7,1,2,Bottles,930.7,TAX2
8,3,9,Boxes,301.73,TAX3
8,3,8,Boxes,143.56,TAX1
8,1,7,Boxes,122.31,TAX2
8,2,3,Bottles,134.65,TAX2
8,2,1,Bottles,411.36,TAX1
9,3,3,Bottles,817.17,TAX3
9,3,1,Packets,221.58,TAX3
9,1,1,Packets,796.03,TAX1
9,3,8,Bottles,640.66,TAX2
9,1,2,Boxes,556.96,TAX3
10,1,5,Bottles,488.9,TAX2
10,3,4,Bottles,499.11,TAX1
10,3,10,Bottles,591.67,TAX1
11,3,5,Packets,544.32,TAX2
11,3,2,Boxes,892.0,TAX2
11,3,6,Packets,737.43,TAX2
11,2,3,Boxes,461.22,TAX1
12,3,7,Boxes,228.98,TAX3
12,3,6,Bottles,313.38,TAX3
12,1,5,Bottles,900.35,TAX1
12,1,9,Boxes,878.79,TAX3
12,2,10,Bottles,723.77,TAX1
13,2,6,Bottles,931.11,TAX3
13,1,10,Packets,259.09,TAX1
14,2,8,Boxes,397.77,TAX2
15,3,3,Boxes,816.45,TAX3
15,1,8,Bottles,642.65,TAX1
15,2,8,Boxes,448.97,TAX3
16,3,4,Bottles,492.91,TAX1
16,2,6,Boxes,798.86,TAX2
16,2,2,Bottles,615.02,TAX1
17,1,5,Bottles,495.41,TAX2
17,3,7,Boxes,667.02,TAX1
18,2,1,Bottles,669.89,TAX3
18,3,6,Boxes,202.28,TAX1
18,3,2,Boxes,101.49,TAX3
18,1,2,Packets,649.22,TAX2
18,3,8,Bottles,268.71,TAX3
19,3,6,Boxes,339.88,TAX3
20,2,9,Boxes,284.3,TAX1
20,3,4,Boxes,174.07,TAX2
21,2,6,Boxes,688.7,TAX2
21,1,6,Bottles,567.94,TAX2
21,2,8,Packets,970.4,TAX1
22,1,1,Boxes,883.56,TAX2
22,1,1,Boxes,509.51,TAX1
22,1,6,Boxes,331.4,TAX3
22,3,8,Boxes,320.67,TAX2
22,1,2,Bottles,627.52,TAX1
23,2,1,Boxes,765.68,TAX2
23,3,1,Boxes,331.67,TAX1
23,2,6,Boxes,207.51,TAX3
24,3,10,Boxes,877.82,TAX1
25,3,5,Bottles,684.14,TAX3
25,2,7,Bottles,346.11,TAX3
25,1,8,Bottles,526.78,TAX1
25,1,3,Packets,369.47,TAX1
25,3,8,Packets,535.11,TAX2
26,1,5,Packets,819.87,TAX2
26,3,5,Bottles,588.76,TAX1
26,3,4,Packets,763.81,TAX2
26,1,6,Boxes,430.36,TAX1
26,1,4,Packets,970.82,TAX2
27,3,7,Packets,613.68,TAX1
27,3,9,Boxes,274.86,TAX2
27,3,8,Boxes,734.15,TAX1
28,3,5,Boxes,516.52,TAX3
28,1,5,Bottles,553.18,TAX2
28,2,6,Packets,307.5,TAX3
29,2,6,Boxes,906.0,TAX1
29,2,7,Bottles,432.52,TAX1
29,2,3,Bottles,514.45,TAX1
29,2,2,Bottles,591.54,TAX3
29,1,8,Packets,744.88,TAX2
30,1,5,Boxes,716.94,TAX3
30,1,2,Packets,921.19,TAX3
30,2,10,Packets,513.82,TAX3
30,1,4,Boxes,527.51,TAX2
30,3,3,Boxes,123.12,TAX2
31,2,4,Packets,756.86,TAX1
31,1,6,Bottles,980.93,TAX2
31,1,3,Boxes,475.01,TAX1
31,3,3,Packets,813.84,TAX1
32,3,3,Boxes,204.19,TAX1
32,1,3,Bottles,548.8,TAX2
32,2,1,Boxes,786.01,TAX3
32,3,9,Packets,273.42,TAX3
33,1,2,Boxes,823.83,TAX3
33,3,1,Bottles,108.12,TAX3
33,2,8,Bottles,673.66,TAX3
34,2,10,Bottles,229.99,TAX3
34,3,8,Bottles,773.63,TAX2
34,3,4,Bottles,276.18,TAX3
35,2,4,Bottles,173.61,TAX3
36,2,4,Packets,925.87,TAX3
37,1,8,Packets,918.26,TAX1
37,2,10,Packets,757.01,TAX1
37,2,9,Bottles,393.81,TAX1
37,3,8,Bottles,587.84,TAX1
38,1,6,Boxes,818.55,TAX3
38,3,4,Boxes,217.85,TAX2
38,1,9,Packets,947.51,TAX2
39,1,10,Boxes,369.7,TAX3
39,3,10,Bottles,975.75,TAX3
39,1,4,Bottles,890.25,TAX1
40,1,3,Bottles,477.89,TAX1
41,3,3,Bottles,888.46,TAX3
42,1,10,Packets,289.98,TAX3
42,1,9,Boxes,475.83,TAX1
42,1,5,Boxes,844.41,TAX2
43,2,1,Boxes,197.56,TAX1
43,3,1,Packets,500.67,TAX3
43,2,4,Boxes,473.7,TAX3
44,1,5,Packets,517.11,TAX3
44,1,3,Boxes,404.5,TAX3
44,2,9,Packets,592.5,TAX2
45,2,3,Bottles,107.39,TAX3
45,1,3,Boxes,624.46,TAX3
45,3,8,Bottles,328.21,TAX1
45,1,4,Bottles,724.57,TAX3
45,3,4,Bottles,179.39,TAX3
46,2,7,Packets,405.7,TAX3
46,3,9,Packets,214.48,TAX1
46,1,10,Boxes,493.99,TAX3
46,3,2,Bottles,940.74,TAX1
47,3,6,Bottles,904.42,TAX1
47,1,8,Packets,867.29,TAX2
47,3,9,Bottles,888.59,TAX2
48,1,8,Bottles,588.18,TAX2
48,3,10,Packets,714.37,TAX1
48,2,10,Packets,189.92,TAX3
48,3,9,Packets,388.95,TAX1
49,1,8,Boxes,564.66,TAX1
49,3,3,Bottles,531.69,TAX2
49,1,9,Packets,538.66,TAX2
50,1,9,Packets,138.41,TAX2
51,1,7,Bottles,941.92,TAX2
51,1,8,Packets,224.14,TAX3
52,3,2,Bottles,392.08,TAX2
53,1,3,Boxes,911.34,TAX1
54,1,2,Packets,536.69,TAX2
54,3,4,Bottles,405.71,TAX2
55,1,4,Bottles,537.59,TAX1
55,3,4,Packets,240.78,TAX1
55,3,7,Packets,527.13,TAX3
55,2,7,Packets,651.57,TAX1
55,2,3,Bottles,755.12,TAX3
56,1,1,Bottles,421.8,TAX2
56,2,10,Bottles,311.33,TAX1
56,1,2,Bottles,950.5,TAX3
57,3,1,Bottles,752.29,TAX1
57,2,10,Packets,385.69,TAX1
57,1,10,Packets,267.3,TAX3
58,3,1,Packets,469.87,TAX2
58,3,6,Bottles,788.6,TAX1
58,2,10,Boxes,257.71,TAX2
59,1,4,Packets,428.2,TAX1
59,3,4,Bottles,567.63,TAX3
59,3,8,Bottles,266.89,TAX1
59,2,4,Bottles,897.27,TAX1
59,3,3,Packets,512.62,TAX1
60,3,4,Boxes,976.35,TAX2
60,1,8,Bottles,808.59,TAX2
60,2,3,Boxes,789.85,TAX1
60,1,7,Bottles,116.9,TAX1
61,1,8,Boxes,818.82,TAX2
61,1,4,Packets,571.14,TAX1
61,2,9,Boxes,766.13,TAX3
61,1,3,Packets,225.92,TAX3
61,1,10,Bottles,776.08,TAX3
62,3,7,Boxes,389.19,TAX1
63,3,7,Boxes,284.93,TAX3
63,1,8,Boxes,306.66,TAX3
64,3,4,Bottles,862.2,TAX2
64,1,4,Boxes,477.55,TAX1
64,2,10,Boxes,880.65,TAX3
65,3,6,Packets,763.63,TAX3
65,3,2,Bottles,113.63,TAX2
65,1,6,Packets,925.74,TAX1
66,3,3,Boxes,621.83,TAX3
66,3,10,Packets,918.54,TAX3
67,1,2,Packets,289.32,TAX3
67,2,6,Boxes,849.39,TAX2
68,2,2,Bottles,941.98,TAX1
69,2,10,Boxes,477.31,TAX3
69,2,4,Packets,117.35,TAX3
69,3,1,Boxes,784.28,TAX2
70,3,4,Packets,877.3,TAX1
70,1,6,Bottles,924.44,TAX1
70,1,1,Packets,329.88,TAX3
70,2,8,Packets,421.25,TAX1
70,2,4,Packets,420.56,TAX3
71,3,10,Packets,617.54,TAX1
72,1,4,Boxes,225.84,TAX1
72,3,10,Boxes,237.68,TAX3
73,2,1,Boxes,807.53,TAX1
73,3,6,Packets,414.28,TAX1
73,3,9,Packets,446.81,TAX3
73,2,5,Packets,925.02,TAX3
74,2,9,Boxes,285.44,TAX2
74,3,9,Boxes,852.48,TAX3
75,1,4,Packets,430.27,TAX3
75,2,6,Boxes,348.67,TAX2
75,3,8,Packets,331.69,TAX2
75,2,1,Packets,374.29,TAX1
76,3,3,Boxes,228.82,TAX3
76,2,7,Boxes,363.96,TAX2
76,1,1,Packets,900.44,TAX3
76,3,1,Bottles,741.68,TAX1
76,2,6,Boxes,241.32,TAX3
77,2,9,Bottles,264.02,TAX3
77,1,3,Bottles,845.03,TAX1
77,3,4,Packets,887.53,TAX3
77,1,4,Bottles,470.26,TAX1
78,1,2,Packets,270.52,TAX1
79,2,7,Bottles,362.07,TAX1
79,3,4,Packets,165.84,TAX1
80,2,3,Bottles,786.94,TAX3
80,3,6,Bottles,308.91,TAX2
80,3,1,Boxes,931.82,TAX3
80,3,8,Packets,969.2,TAX1
81,3,3,Packets,349.37,TAX3
82,3,9,Boxes,713.85,TAX2
82,1,10,Packets,866.2,TAX1
83,2,4,Bottles,580.67,TAX3
83,3,9,Boxes,997.21,TAX2
83,1,3,Boxes,400.53,TAX3
84,1,9,Packets,277.3,TAX3
84,2,8,Bottles,896.66,TAX1
84,3,10,Bottles,206.43,TAX3
84,1,8,Packets,978.18,TAX2
84,3,8,Bottles,606.95,TAX2
85,1,1,Packets,330.9,TAX3
86,3,6,Boxes,309.36,TAX1
87,3,6,Boxes,790.84,TAX2
87,1,1,Packets,382.14,TAX3
87,1,8,Packets,629.39,TAX3
87,2,3,Packets,198.42,TAX2
88,2,1,Boxes,140.88,TAX2
88,1,6,Bottles,104.75,TAX2
88,2,7,Boxes,185.95,TAX2
88,1,9,Packets,677.1,TAX2
89,2,10,Bottles,706.99,TAX2
89,1,2,Packets,691.35,TAX3
89,1,8,Bottles,835.68,TAX3
89,3,8,Packets,232.1,TAX3
90,3,10,Boxes,698.09,TAX3
90,2,7,Boxes,639.39,TAX1
90,3,5,Boxes,599.63,TAX3
91,1,2,Bottles,826.01,TAX2
91,3,3,Boxes,596.08,TAX1
91,3,7,Packets,606.99,TAX2
91,1,9,Packets,216.5,TAX2
92,2,7,Boxes,432.82,TAX2
92,3,10,Boxes,931.92,TAX3
92,3,5,Bottles,361.7,TAX3
92,3,9,Boxes,960.64,TAX2
93,2,4,Bottles,110.95,TAX2
93,2,8,Bottles,846.31,TAX2
93,3,9,Bottles,368.84,TAX1
93,3,9,Packets,510.77,TAX3
94,1,2,Boxes,750.45,TAX2
94,3,9,Packets,292.49,TAX1
94,1,3,Boxes,351.77,TAX3
95,1,7,Boxes,360.15,TAX1
96,2,3,Bottles,114.66,TAX3
96,1,10,Bottles,187.78,TAX3
96,1,1,Bottles,144.33,TAX2
96,1,7,Bottles,527.45,TAX3
97,2,4,Packets,576.22,TAX3
97,3,10,Bottles,870.94,TAX2
97,2,8,Packets,495.12,TAX2
97,3,4,Packets,258.74,TAX2
97,1,6,Boxes,324.94,TAX2
98,3,10,Packets,542.91,TAX1
98,3,7,Bottles,947.04,TAX1
98,1,7,Boxes,372.21,TAX3
98,3,5,Boxes,453.87,TAX1
99,2,6,Packets,359.09,TAX1
99,2,7,Bottles,378.27,TAX1
99,2,1,Bottles,362.58,TAX3
99,3,3,Bottles,909.2,TAX3
99,1,8,Bottles,582.82,TAX1
100,2,2,Packets,253.03,TAX2
100,3,7,Bottles,557.29,TAX3
100,3,7,Bottles,863.58,TAX2
100,1,6,Packets,251.35,TAX1
100,3,10,Packets,453.71,TAX2
101,1,5,Bottles,804.89,TAX1
101,1,4,Bottles,234.69,TAX1
102,2,1,Boxes,787.54,TAX2
102,3,8,Bottles,807.25,TAX1
103,2,10,Packets,966.82,TAX3
104,2,6,Packets,758.66,TAX3
104,1,7,Boxes,674.15,TAX3
104,3,2,Bottles,995.77,TAX3
104,3,4,Bottles,611.82,TAX2
105,2,2,Bottles,464.43,TAX2
106,3,4,Boxes,368.26,TAX1
106,3,4,Boxes,466.71,TAX3
106,3,9,Bottles,659.91,TAX3
107,3,1,Bottles,926.22,TAX1
107,2,10,Packets,909.17,TAX3
107,1,5,Packets,142.55,TAX2
107,2,9,Bottles,990.73,TAX1
108,3,10,Bottles,832.62,TAX1
108,1,3,Bottles,288.31,TAX1
108,3,10,Packets,538.01,TAX1
108,2,8,Boxes,413.76,TAX1
109,1,5,Bottles,372.2,TAX1
109,2,2,Packets,646.77,TAX1
109,3,7,Bottles,163.52,TAX2
109,1,8,Boxes,799.5,TAX2
109,2,8,Boxes,198.61,TAX1
110,3,6,Packets,742.19,TAX2
111,2,2,Bottles,429.0,TAX2
111,2,3,Boxes,928.76,TAX1
111,3,4,Packets,470.44,TAX2
111,3,6,Packets,501.77,TAX3
111,3,7,Boxes,285.26,TAX2
112,1,3,Packets,895.03,TAX1
112,1,1,Bottles,775.15,TAX2
113,3,10,Bottles,300.64,TAX2
113,3,6,Bottles,812.62,TAX3
113,3,6,Boxes,566.72,TAX2
114,3,1,Bottles,132.41,TAX2
114,3,8,Bottles,347.97,TAX3
114,3,3,Bottles,261.26,TAX3
114,3,7,Boxes,637.14,TAX1
114,3,3,Boxes,872.2,TAX1
115,1,10,Bottles,506.42,TAX3
116,1,6,Bottles,216.48,TAX2
117,2,1,Packets,905.3,TAX2
118,1,3,Packets,968.74,TAX1
119,2,1,Bottles,112.86,TAX2
119,3,2,Boxes,214.95,TAX1
119,2,7,Bottles,956.69,TAX1
119,1,1,Packets,762.59,TAX1
120,3,8,Packets,639.26,TAX1
120,3,5,Bottles,952.65,TAX1
120,3,8,Packets,824.93,TAX1
120,3,4,Bottles,418.46,TAX1
121,3,5,Packets,159.49,TAX2
121,2,8,Bottles,761.63,TAX1
121,2,8,Packets,291.61,TAX2
122,1,6,Packets,786.78,TAX3
123,2,10,Boxes,455.3,TAX2
123,3,10,Packets,230.67,TAX1
123,2,3,Packets,369.06,TAX1
123,2,1,Bottles,748.46,TAX2
123,1,8,Packets,143.41,TAX2
124,2,5,Packets,766.67,TAX1
125,3,7,Bottles,459.66,TAX1
126,2,10,Boxes,979.67,TAX3
126,1,5,Boxes,764.19,TAX2
126,3,8,Packets,708.03,TAX2
127,2,3,Packets,482.06,TAX1
127,1,1,Boxes,266.48,TAX3
127,3,2,Boxes,740.93,TAX1
127,2,9,Packets,359.08,TAX3
128,2,2,Packets,604.54,TAX1
128,1,9,Boxes,736.0,TAX3
129,3,5,Bottles,210.99,TAX3
129,1,3,Boxes,662.66,TAX2
129,2,4,Bottles,261.29,TAX2
130,1,1,Packets,870.45,TAX2
130,3,3,Boxes,850.52,TAX2
130,2,5,Boxes,195.78,TAX1
130,2,9,Boxes,747.43,TAX3
130,3,5,Packets,249.49,TAX1
131,2,9,Packets,325.48,TAX3
132,1,4,Boxes,948.13,TAX3
132,1,10,Packets,394.4,TAX1
132,1,4,Packets,447.84,TAX2
132,3,8,Boxes,183.54,TAX3
132,2,6,Bottles,150.02,TAX1
133,2,1,Bottles,604.38,TAX2
134,2,6,Packets,933.14,TAX3
135,3,1,Bottles,135.24,TAX1
136,2,6,Boxes,763.64,TAX3
136,1,9,Boxes,411.15,TAX1
136,2,8,Boxes,140.11,TAX3
136,3,8,Packets,628.78,TAX3
137,2,4,Bottles,533.99,TAX3
137,3,9,Bottles,113.75,TAX3
138,2,5,Boxes,699.6,TAX2
138,2,10,Packets,700.52,TAX2
138,3,8,Packets,494.47,TAX3
139,3,4,Packets,924.44,TAX1
139,2,8,Packets,524.7,TAX2
139,3,4,Packets,321.75,TAX2
140,1,10,Packets,832.99,TAX3
140,1,10,Packets,234.45,TAX3
141,3,9,Packets,405.85,TAX3
141,2,7,Boxes,518.03,TAX2
141,3,4,Bottles,278.32,TAX2
141,1,2,Packets,277.91,TAX3
142,2,5,Bottles,901.81,TAX3
142,1,5,Boxes,677.31,TAX1
142,2,2,Packets,934.04,TAX3
142,3,9,Packets,701.51,TAX3
142,3,10,Bottles,352.97,TAX2
143,2,6,Boxes,560.9,TAX1
143,1,2,Bottles,458.91,TAX3
144,1,5,Packets,454.73,TAX3
144,1,2,Boxes,561.51,TAX1
144,2,2,Boxes,126.07,TAX2
144,3,9,Packets,995.9,TAX3
144,1,10,Boxes,701.36,TAX1
145,2,8,Packets,922.39,TAX2
145,2,4,Bottles,255.12,TAX3
146,1,5,Bottles,915.53,TAX2
147,3,8,Boxes,568.0,TAX2
147,3,10,Boxes,138.43,TAX3
147,1,4,Bottles,680.48,TAX3
147,3,3,Packets,796.08,TAX3
148,1,1,Boxes,185.39,TAX3
148,2,4,Boxes,635.92,TAX3
148,1,1,Bottles,851.56,TAX2
148,3,7,Boxes,583.27,TAX3
149,2,7,Boxes,635.23,TAX1
149,2,2,Bottles,879.64,TAX3
149,2,7,Packets,753.23,TAX3
150,1,9,Bottles,215.86,TAX3
150,2,3,Boxes,820.97,TAX1
150,2,3,Boxes,416.57,TAX3
151,3,10,Packets,500.02,TAX2
151,1,10,Boxes,317.63,TAX2
152,1,5,Boxes,601.07,TAX1
152,1,3,Bottles,256.85,TAX2
152,1,9,Bottles,252.92,TAX3
153,2,1,Boxes,719.14,TAX3
153,2,2,Packets,140.52,TAX1
153,3,6,Boxes,845.0,TAX3
154,3,9,Packets,389.15,TAX2
155,3,10,Bottles,544.18,TAX1
156,2,8,Bottles,654.54,TAX3
156,1,1,Boxes,318.69,TAX2
156,2,9,Boxes,194.8,TAX3
156,2,5,Bottles,992.12,TAX3
157,1,9,Packets,393.98,TAX3
157,3,2,Packets,196.5,TAX3
158,3,3,Bottles,251.31,TAX3
158,2,4,Bottles,963.98,TAX3
158,1,3,Packets,571.0,TAX3
159,3,1,Boxes,208.07,TAX1
159,3,4,Packets,138.47,TAX1
160,3,3,Bottles,158.43,TAX1
160,2,1,Packets,283.81,TAX3
160,3,3,Packets,355.45,TAX1
160,3,2,Packets,670.01,TAX2
161,2,8,Packets,316.73,TAX2
161,2,6,Boxes,810.16,TAX2
162,2,2,Bottles,353.58,TAX1
162,3,3,Boxes,917.72,TAX1
163,1,10,Boxes,561.4,TAX3
163,2,8,Bottles,125.26,TAX2
163,3,6,Boxes,565.11,TAX1
164,2,6,Packets,465.58,TAX1
164,3,6,Bottles,621.4,TAX3
164,2,2,Boxes,154.94,TAX1
165,2,7,Packets,283.89,TAX2
165,2,5,Packets,426.09,TAX3
166,3,8,Boxes,965.22,TAX2
167,2,10,Boxes,771.57,TAX1
167,1,7,Packets,475.74,TAX2
167,1,8,Bottles,552.85,TAX3
168,1,2,Packets,505.51,TAX1
168,2,6,Bottles,923.8,TAX1
168,2,6,Bottles,719.87,TAX1
169,2,5,Bottles,503.75,TAX3
169,2,6,Bottles,438.66,TAX2
169,1,5,Bottles,677.4,TAX2
170,1,8,Packets,249.13,TAX3
170,2,1,Packets,976.94,TAX2
170,2,1,Bottles,124.15,TAX2
170,2,6,Boxes,132.9,TAX3
170,3,10,Bottles,465.04,TAX1
171,3,10,Packets,476.92,TAX3
171,1,7,Bottles,605.88,TAX3
172,2,3,Packets,441.11,TAX2
172,3,3,Packets,364.91,TAX2
173,2,3,Bottles,550.51,TAX1
173,3,1,Bottles,103.11,TAX2
173,2,8,Packets,193.15,TAX1
174,1,4,Boxes,930.87,TAX2
174,3,9,Boxes,154.85,TAX1
175,1,9,Bottles,850.76,TAX3
175,3,4,Bottles,479.55,TAX3
175,2,10,Packets,666.97,TAX1
176,1,9,Packets,101.89,TAX3
177,2,3,Boxes,637.56,TAX3
178,3,4,Bottles,211.72,TAX3
178,2,4,Boxes,852.06,TAX3
178,3,4,Boxes,660.12,TAX2
178,2,1,Packets,133.86,TAX3
178,2,4,Bottles,322.63,TAX2
179,2,4,Packets,292.15,TAX1
179,1,4,Boxes,491.27,TAX2
180,2,7,Packets,930.07,TAX2
180,1,4,Boxes,283.81,TAX2
180,1,2,Packets,455.17,TAX3
181,3,9,Bottles,666.18,TAX2
181,3,2,Bottles,508.0,TAX2
181,2,10,Bottles,629.38,TAX2
181,1,3,Boxes,364.3,TAX2
181,3,10,Boxes,480.85,TAX2
182,2,9,Boxes,137.7,TAX2
182,2,4,Packets,511.65,TAX1
183,2,3,Boxes,467.41,TAX2
183,2,6,Boxes,677.03,TAX1
184,2,8,Boxes,611.4,TAX2
185,2,6,Boxes,325.61,TAX2
185,2,2,Packets,143.2,TAX1
186,1,5,Packets,191.83,TAX1
186,2,2,Packets,301.98,TAX3
186,2,10,Bottles,902.32,TAX3
186,3,4,Packets,128.58,TAX2
187,3,8,Boxes,138.16,TAX3
187,2,2,Boxes,646.87,TAX1
187,1,8,Packets,194.36,TAX1
187,3,9,Packets,722.38,TAX3
187,3,6,Bottles,104.03,TAX1
188,3,6,Boxes,861.5,TAX3
189,3,3,Bottles,539.96,TAX1
190,3,1,Packets,745.77,TAX2
190,1,10,Boxes,532.17,TAX1
190,3,1,Bottles,589.95,TAX2
191,1,4,Boxes,549.46,TAX2
191,1,8,Bottles,672.98,TAX2
191,2,10,Packets,289.36,TAX3
192,3,4,Bottles,152.87,TAX1
192,1,10,Packets,636.12,TAX3
192,2,9,Bottles,736.34,TAX2
193,2,2,Bottles,849.42,TAX3
193,1,5,Packets,385.47,TAX3
193,1,5,Boxes,745.01,TAX3
193,2,7,Boxes,144.16,TAX2
194,1,6,Packets,529.58,TAX1
194,3,1,Boxes,412.07,TAX2
195,3,3,Packets,994.0,TAX2
195,1,8,Bottles,297.52,TAX1
195,2,6,Bottles,244.57,TAX2
195,2,8,Packets,585.34,TAX2
196,2,10,Packets,826.12,TAX1
197,3,4,Bottles,918.23,TAX3
197,1,1,Bottles,485.16,TAX2
197,1,7,Packets,929.03,TAX2
197,2,3,Packets,101.07,TAX1
198,1,9,Bottles,964.29,TAX2
199,3,8,Packets,217.14,TAX2
200,1,5,Packets,126.57,TAX1
200,2,6,Bottles,724.1,TAX1
200,2,10,Packets,339.62,TAX1
200,2,6,Boxes,557.29,TAX2
201,1,5,Boxes,924.45,TAX2
201,3,1,Boxes,714.31,TAX2
202,1,5,Bottles,750.72,TAX3
202,3,9,Boxes,852.16,TAX3
202,1,1,Bottles,972.72,TAX1
202,1,7,Boxes,933.44,TAX2
203,1,7,Boxes,708.37,TAX3
203,2,2,Packets,326.79,TAX3
203,3,7,Packets,128.62,TAX1
203,3,4,Boxes,384.58,TAX3
204,3,5,Packets,679.76,TAX3
204,1,6,Bottles,388.06,TAX2
204,1,3,Boxes,961.26,TAX2
205,2,5,Bottles,122.76,TAX3
205,2,8,Bottles,685.85,TAX1
205,3,8,Boxes,758.3,TAX2
205,1,5,Bottles,627.33,TAX1
205,1,10,Boxes,246.93,TAX2
206,1,3,Boxes,815.31,TAX2
206,3,2,Packets,188.26,TAX3
206,2,9,Boxes,450.85,TAX2
206,1,1,Bottles,114.19,TAX2
206,1,9,Packets,695.59,TAX1
207,1,10,Packets,715.04,TAX2
207,1,3,Boxes,630.06,TAX2
208,3,6,Boxes,577.25,TAX2
208,2,6,Packets,562.55,TAX3
208,2,4,Boxes,306.78,TAX3
208,1,4,Bottles,522.34,TAX2
208,1,9,Boxes,326.35,TAX3
209,2,7,Bottles,834.19,TAX3
209,1,3,Packets,849.15,TAX2
209,3,6,Boxes,624.16,TAX3
209,2,9,Bottles,668.24,TAX3
209,1,8,Boxes,389.84,TAX2
210,1,4,Packets,416.16,TAX3
210,3,8,Bottles,709.42,TAX2
210,2,3,Boxes,414.0,TAX3
210,2,6,Bottles,952.21,TAX3
210,1,6,Boxes,400.86,TAX3
211,2,4,Bottles,868.47,TAX2
212,1,6,Boxes,729.98,TAX1
213,3,6,Packets,609.04,TAX1
213,3,4,Boxes,640.48,TAX2
213,3,9,Boxes,170.25,TAX2
213,3,8,Packets,622.31,TAX2
213,3,3,Packets,471.08,TAX1
214,3,2,Packets,518.22,TAX2
214,1,5,Bottles,691.05,TAX1
214,2,8,Bottles,764.35,TAX1
214,2,10,Packets,558.88,TAX3
215,1,9,Boxes,989.19,TAX3
215,2,5,Bottles,543.65,TAX2
216,3,3,Boxes,241.2,TAX3
216,2,6,Bottles,989.26,TAX1
216,3,8,Boxes,684.17,TAX1
216,1,3,Packets,620.91,TAX2
216,1,9,Boxes,832.23,TAX2
217,2,3,Boxes,450.58,TAX1
217,1,2,Boxes,139.44,TAX3
217,2,5,Bottles,364.47,TAX2
217,1,8,Packets,745.48,TAX2
217,1,1,Boxes,420.57,TAX1
218,2,9,Packets,295.49,TAX1
218,1,6,Packets,694.65,TAX1
218,1,1,Bottles,943.05,TAX3
218,2,8,Bottles,396.71,TAX1
219,1,5,Packets,667.8,TAX3
219,2,10,Boxes,606.96,TAX2
220,1,9,Bottles,204.88,TAX1
220,1,4,Bottles,116.56,TAX2
220,3,3,Bottles,745.33,TAX1
221,1,3,Packets,456.5,TAX2
221,2,4,Boxes,238.64,TAX2
221,1,4,Boxes,455.61,TAX3
222,3,4,Bottles,328.97,TAX2
222,3,10,Bottles,114.83,TAX2
222,1,4,Packets,508.32,TAX3
223,1,10,Packets,401.97,TAX2
223,2,1,Packets,303.63,TAX3
223,2,4,Boxes,893.07,TAX3
223,1,4,Bottles,765.07,TAX2
223,3,7,Boxes,138.36,TAX1
224,1,9,Boxes,535.16,TAX2
224,3,10,Packets,420.88,TAX3
224,2,1,Bottles,112.83,TAX1
224,3,10,Packets,514.91,TAX1
225,3,2,Boxes,982.52,TAX3
225,3,3,Packets,263.01,TAX2
226,3,8,Boxes,589.85,TAX2
226,1,7,Boxes,623.53,TAX2
227,1,1,Packets,568.81,TAX3
227,3,5,Bottles,646.78,TAX2
227,2,10,Boxes,313.73,TAX3
227,3,6,Boxes,656.23,TAX2
227,1,8,Packets,873.25,TAX3
228,1,10,Bottles,644.45,TAX2
228,1,9,Boxes,992.34,TAX2
228,2,1,Bottles,643.32,TAX1
228,1,6,Bottles,693.68,TAX2
229,1,4,Boxes,584.96,TAX1
229,3,5,Boxes,171.34,TAX1
229,3,6,Bottles,934.19,TAX2
229,1,3,Boxes,496.33,TAX2
230,3,1,Boxes,755.51,TAX3
230,3,8,Bottles,776.67,TAX1
230,3,3,Bottles,716.4,TAX1
231,1,9,Bottles,804.9,TAX2
231,3,5,Packets,323.87,TAX2
231,3,1,Boxes,230.31,TAX3
232,3,10,Bottles,320.64,TAX3
232,1,7,Bottles,233.13,TAX1
232,3,10,Packets,113.53,TAX1
232,3,9,Boxes,110.34,TAX1
232,2,2,Packets,700.06,TAX1
233,1,3,Bottles,998.02,TAX3
233,1,8,Boxes,369.96,TAX1
233,3,6,Bottles,808.91,TAX1
233,2,2,Packets,346.79,TAX2
233,3,5,Packets,377.03,TAX1
234,2,6,Bottles,952.36,TAX3
234,1,9,Boxes,164.96,TAX3
234,1,6,Packets,760.15,TAX2
235,1,2,Packets,666.18,TAX2
236,1,5,Bottles,288.25,TAX3
236,1,5,Boxes,271.1,TAX3
236,3,10,Packets,403.71,TAX2
236,2,9,Boxes,550.49,TAX1
237,3,7,Boxes,182.8,TAX3
237,2,9,Bottles,693.52,TAX1
237,1,5,Boxes,544.27,TAX2
237,1,2,Bottles,285.15,TAX1
238,3,2,Boxes,242.71,TAX3
238,1,8,Packets,952.02,TAX3
238,3,9,Boxes,234.89,TAX3
238,2,1,Boxes,714.71,TAX3
239,1,8,Bottles,832.99,TAX3
239,3,10,Packets,662.42,TAX3
239,3,4,Packets,742.27,TAX1
239,2,9,Boxes,341.84,TAX2
239,3,9,Boxes,411.88,TAX3
240,3,7,Bottles,705.09,TAX2
240,2,5,Bottles,955.66,TAX3
240,2,1,Bottles,352.81,TAX3
240,2,1,Boxes,477.4,TAX2
240,1,1,Packets,571.11,TAX2
241,3,2,Boxes,443.2,TAX1
241,3,9,Bottles,547.12,TAX3
241,1,10,Bottles,817.27,TAX2
242,3,5,Boxes,659.96,TAX2
242,1,5,Packets,954.95,TAX2
242,1,10,Bottles,829.24,TAX1
242,3,9,Packets,202.71,TAX3
243,1,1,Boxes,699.86,TAX3
243,1,2,Bottles,174.27,TAX1
243,3,9,Boxes,484.51,TAX3
243,1,5,Packets,822.75,TAX1
243,3,1,Bottles,850.45,TAX3
244,1,9,Packets,373.45,TAX2
244,3,5,Packets,914.09,TAX1
244,2,6,Bottles,128.42,TAX2
245,2,1,Bottles,859.1,TAX1
245,2,5,Boxes,358.49,TAX1
245,2,2,Packets,355.04,TAX3
246,3,1,Bottles,901.58,TAX2
247,3,4,Packets,343.23,TAX1
247,3,5,Packets,328.13,TAX3
247,1,9,Bottles,541.89,TAX3
247,1,10,Packets,629.42,TAX3
247,2,2,Boxes,430.34,TAX1
248,1,5,Bottles,115.16,TAX1
249,1,9,Packets,982.18,TAX3
249,2,7,Boxes,677.2,TAX2
250,1,9,Packets,604.48,TAX3
250,1,10,Boxes,155.42,TAX3
250,3,4,Packets,693.12,TAX3
250,3,8,Bottles,324.75,TAX1
250,3,2,Boxes,703.72,TAX1
251,3,6,Boxes,260.68,TAX1
252,1,4,Bottles,755.63,TAX1
252,1,6,Boxes,459.33,TAX1
252,3,5,Boxes,605.14,TAX2
252,1,7,Bottles,231.72,TAX2
252,2,5,Bottles,757.68,TAX1
253,1,1,Bottles,672.72,TAX2
253,1,5,Bottles,950.68,TAX3
253,1,4,Packets,102.53,TAX1
254,3,2,Packets,499.85,TAX3
254,1,1,Bottles,796.06,TAX3
254,1,7,Bottles,474.07,TAX2
254,1,4,Packets,807.89,TAX3
254,1,4,Boxes,989.12,TAX3
255,1,9,Bottles,610.4,TAX1
255,3,8,Packets,554.56,TAX1
256,1,7,Bottles,954.33,TAX3
256,2,6,Packets,853.44,TAX3
257,1,3,Bottles,533.11,TAX1
257,1,10,Boxes,821.56,TAX2
257,2,8,Bottles,889.62,TAX1
258,1,8,Boxes,991.84,TAX2
258,1,7,Packets,544.17,TAX3
259,3,9,Bottles,367.82,TAX2
259,3,6,Boxes,479.33,TAX2
259,3,10,Bottles,263.8,TAX1
259,3,1,Boxes,187.65,TAX2
259,2,1,Bottles,118.15,TAX1
260,1,7,Bottles,746.47,TAX1
260,2,8,Packets,366.5,TAX3
261,3,8,Packets,914.84,TAX1
261,1,10,Packets,281.93,TAX3
261,3,7,Bottles,345.51,TAX1
261,1,2,Bottles,240.67,TAX2
261,3,9,Bottles,630.48,TAX2
262,2,3,Packets,358.02,TAX3
262,1,10,Boxes,380.21,TAX1
263,2,2,Boxes,294.13,TAX2
264,3,8,Boxes,886.0,TAX1
264,3,10,Bottles,562.86,TAX2
264,1,2,Bottles,734.97,TAX3
265,1,3,Boxes,194.35,TAX2
265,2,10,Bottles,563.82,TAX3
265,2,6,Packets,132.76,TAX3
266,3,6,Bottles,174.0,TAX3
266,2,6,Boxes,943.74,TAX2
266,2,1,Boxes,318.19,TAX3
266,2,10,Packets,840.03,TAX2
266,3,8,Bottles,643.29,TAX1
267,1,2,Boxes,967.78,TAX3
268,1,8,Bottles,732.42,TAX1
268,1,4,Packets,696.39,TAX2
268,3,7,Bottles,975.9,TAX2
269,2,10,Packets,917.39,TAX1
269,1,9,Boxes,388.32,TAX1
269,1,4,Packets,659.37,TAX3
269,3,8,Bottles,814.09,TAX1
270,1,8,Packets,684.63,TAX1
270,1,10,Boxes,195.7,TAX3
270,3,5,Packets,271.33,TAX2
270,3,8,Boxes,375.68,TAX1
271,3,8,Boxes,248.63,TAX1
271,3,7,Boxes,556.47,TAX3
272,1,6,Boxes,394.79,TAX1
272,1,8,Boxes,848.52,TAX1
272,1,7,Boxes,222.75,TAX2
273,2,1,Boxes,373.82,TAX2
273,1,6,Bottles,336.12,TAX2
273,1,4,Packets,266.24,TAX3
273,2,8,Packets,630.93,TAX2
273,2,6,Bottles,130.2,TAX3
274,2,10,Packets,475.52,TAX2
275,3,1,Packets,906.81,TAX1
275,3,8,Bottles,624.62,TAX1
276,2,6,Packets,837.99,TAX1
277,2,4,Bottles,412.53,TAX1
278,1,1,Bottles,638.36,TAX1
278,2,10,Boxes,477.46,TAX3
278,2,5,Bottles,168.99,TAX2
279,1,5,Boxes,269.18,TAX1
279,3,2,Boxes,389.52,TAX1
279,1,3,Packets,255.99,TAX3
279,1,6,Boxes,313.76,TAX1
279,3,7,Bottles,618.32,TAX2
280,3,7,Packets,389.79,TAX1
281,3,2,Packets,963.13,TAX3
281,3,4,Boxes,116.95,TAX1
281,3,8,Bottles,959.87,TAX2
281,1,3,Bottles,355.6,TAX1
282,3,4,Boxes,606.97,TAX2
282,3,5,Boxes,485.11,TAX1
282,3,1,Packets,451.98,TAX1
283,1,8,Packets,837.37,TAX1
283,1,1,Bottles,889.9,TAX3
283,1,7,Bottles,961.29,TAX2
284,1,1,Bottles,615.45,TAX2
284,1,5,Bottles,684.08,TAX2
285,1,4,Bottles,404.67,TAX3
285,3,8,Packets,650.87,TAX1
285,2,1,Bottles,334.66,TAX3
285,1,1,Bottles,761.36,TAX3
286,1,2,Boxes,994.37,TAX3
287,1,6,Packets,756.05,TAX1
287,3,8,Bottles,516.73,TAX2
287,1,8,Packets,927.32,TAX1
287,2,2,Packets,121.83,TAX1
288,2,6,Boxes,755.99,TAX1
288,1,5,Boxes,492.42,TAX1
289,1,2,Bottles,498.41,TAX2
289,2,6,Packets,205.47,TAX3
289,1,5,Boxes,710.15,TAX2
289,1,7,Packets,687.94,TAX2
290,3,4,Packets,432.88,TAX2
290,1,6,Bottles,309.71,TAX3
290,2,5,Packets,839.76,TAX3
291,2,3,Packets,254.05,TAX1
291,2,9,Packets,979.25,TAX2
291,3,5,Bottles,549.17,TAX3
291,2,3,Packets,273.33,TAX3
291,2,6,Boxes,600.26,TAX3
292,3,9,Packets,980.33,TAX3
292,3,10,Packets,272.47,TAX3
292,3,5,Packets,128.27,TAX3
293,2,5,Boxes,498.87,TAX2
293,3,2,Boxes,378.48,TAX3
293,2,6,Bottles,534.61,TAX1
293,2,2,Packets,201.66,TAX1
294,3,2,Boxes,297.83,TAX1
295,1,10,Packets,224.69,TAX1
295,3,1,Boxes,580.52,TAX3
295,2,3,Packets,886.35,TAX3
296,2,7,Packets,710.16,TAX1
297,1,5,Boxes,391.05,TAX3
297,2,10,Packets,321.31,TAX3
297,1,6,Bottles,170.03,TAX1
297,3,2,Boxes,608.04,TAX1
298,1,3,Bottles,521.56,TAX1
298,3,1,Packets,512.37,TAX2
298,3,10,Boxes,979.7,TAX1
298,2,7,Boxes,307.84,TAX2
298,1,7,Boxes,556.19,TAX3
299,1,1,Packets,623.04,TAX2
299,3,9,Bottles,810.75,TAX1
299,3,7,Packets,259.72,TAX2
299,2,9,Packets,739.41,TAX2
299,2,7,Bottles,540.33,TAX2
300,2,4,Packets,584.95,TAX1
300,2,5,Boxes,276.89,TAX1
300,1,5,Boxes,192.81,TAX3
300,1,9,Packets,432.36,TAX2
301,3,4,Packets,139.59,TAX1
302,2,5,Packets,811.62,TAX1
302,2,6,Bottles,625.14,TAX2
302,3,5,Packets,784.42,TAX3
302,1,10,Boxes,355.28,TAX1
303,2,8,Bottles,636.9,TAX2
304,1,8,Bottles,503.5,TAX1
304,2,9,Bottles,572.96,TAX1
304,1,2,Packets,802.41,TAX1
304,1,7,Packets,927.52,TAX3
304,3,4,Bottles,728.32,TAX1
305,3,5,Packets,806.56,TAX1
305,2,1,Bottles,629.24,TAX3
306,3,2,Boxes,240.41,TAX1
306,1,9,Packets,870.8,TAX1
306,1,10,Bottles,594.36,TAX2
306,3,7,Bottles,392.39,TAX3
307,1,5,Bottles,415.0,TAX3
308,2,3,Bottles,162.95,TAX2
308,1,1,Boxes,216.63,TAX3
308,3,2,Bottles,735.29,TAX3
308,3,5,Packets,843.26,TAX1
309,1,3,Packets,525.94,TAX3
310,3,5,Bottles,823.97,TAX1
310,2,10,Boxes,587.47,TAX2
310,2,7,Boxes,462.78,TAX3
311,1,10,Packets,895.79,TAX3
311,3,3,Packets,301.76,TAX1
312,3,5,Bottles,435.75,TAX2
312,3,4,Bottles,691.45,TAX2
312,2,7,Packets,394.61,TAX3
312,3,8,Bottles,977.13,TAX2
312,1,2,Boxes,908.21,TAX1
313,1,1,Bottles,288.65,TAX1
313,3,6,Packets,932.42,TAX1
314,2,6,Boxes,411.88,TAX3
314,2,9,Boxes,632.2,TAX3
314,2,8,Bottles,660.88,TAX3
314,3,3,Packets,526.39,TAX1
314,1,1,Boxes,453.45,TAX1
315,1,9,Bottles,350.3,TAX1
316,2,6,Boxes,314.81,TAX3
316,2,2,Boxes,199.32,TAX1
316,2,4,Bottles,659.75,TAX3
317,2,9,Bottles,553.86,TAX1
318,2,5,Bottles,582.16,TAX1
318,2,9,Bottles,160.13,TAX2
319,2,6,Boxes,436.0,TAX2
319,1,1,Bottles,904.04,TAX1
319,3,10,Packets,571.63,TAX1
319,1,8,Boxes,380.21,TAX1
319,2,2,Boxes,320.14,TAX1
320,2,4,Bottles,473.98,TAX3
320,3,4,Boxes,503.38,TAX1
320,2,9,Bottles,247.9,TAX3
320,1,1,Boxes,573.06,TAX3
321,2,10,Packets,415.13,TAX2
322,3,4,Boxes,100.54,TAX1
322,3,9,Bottles,197.63,TAX2
323,1,8,Bottles,615.48,TAX1
323,1,5,Boxes,211.02,TAX1
323,3,2,Packets,659.59,TAX2
324,1,6,Packets,176.78,TAX2
324,1,2,Bottles,489.89,TAX2
324,1,5,Boxes,567.31,TAX1
324,3,1,Packets,212.76,TAX1
324,2,7,Packets,736.13,TAX1
325,3,9,Bottles,283.03,TAX2
325,3,6,Bottles,515.44,TAX2
326,3,9,Packets,793.34,TAX2
326,3,2,Bottles,627.76,TAX3
326,2,8,Packets,381.81,TAX1
326,2,5,Packets,868.76,TAX3
327,2,10,Packets,793.62,TAX1
327,2,6,Packets,301.12,TAX1
327,2,6,Packets,489.86,TAX1
328,3,10,Bottles,431.23,TAX2
328,2,8,Bottles,393.41,TAX2
328,3,1,Bottles,756.69,TAX1
329,1,2,Bottles,447.92,TAX1
329,2,2,Packets,767.91,TAX3
329,1,4,Bottles,108.29,TAX2
330,3,10,Packets,849.49,TAX1
330,3,8,Packets,393.3,TAX1
330,2,6,Packets,916.05,TAX1
330,1,8,Packets,367.16,TAX2
330,2,4,Bottles,854.29,TAX1
331,3,3,Bottles,657.07,TAX2
331,2,4,Packets,622.41,TAX3
331,1,3,Packets,934.49,TAX1
332,3,5,Bottles,793.61,TAX1
333,3,4,Packets,876.27,TAX2
333,3,9,Boxes,425.44,TAX1
333,2,2,Packets,800.39,TAX1
333,2,1,Bottles,235.09,TAX3
333,1,10,Bottles,692.47,TAX1
334,3,10,Boxes,794.39,TAX1
335,2,10,Boxes,120.43,TAX1
336,1,4,Boxes,237.08,TAX1
336,2,2,Boxes,949.08,TAX1
336,1,6,Bottles,202.38,TAX3
336,2,1,Boxes,553.38,TAX3
336,2,6,Packets,659.68,TAX1
337,2,1,Packets,508.17,TAX2
337,3,8,Bottles,668.0,TAX1
337,2,3,Packets,963.33,TAX3
337,3,7,Bottles,111.35,TAX1
337,3,4,Boxes,600.4,TAX1
338,1,1,Boxes,123.91,TAX1
338,2,6,Packets,236.74,TAX3
338,2,5,Boxes,878.96,TAX2
338,2,2,Boxes,707.58,TAX1
339,2,1,Bottles,782.69,TAX1
339,1,4,Bottles,754.19,TAX2
340,1,3,Packets,665.29,TAX3
341,3,6,Bottles,943.34,TAX1
341,1,10,Boxes,513.52,TAX2
341,1,1,Bottles,741.84,TAX3
341,1,1,Packets,243.59,TAX1
342,1,2,Boxes,129.24,TAX1
342,2,4,Boxes,626.38,TAX1
343,2,7,Boxes,884.42,TAX3
344,2,3,Boxes,890.59,TAX2
344,2,6,Bottles,171.7,TAX2
345,2,2,Bottles,199.85,TAX2
345,2,2,Bottles,937.66,TAX1
345,1,10,Packets,419.14,TAX1
345,1,10,Packets,350.96,TAX2
346,2,8,Bottles,406.66,TAX2
346,2,3,Bottles,558.31,TAX2
346,1,8,Bottles,637.07,TAX3
346,3,6,Bottles,360.37,TAX3
346,2,4,Packets,784.63,TAX3
347,3,8,Boxes,257.04,TAX1
347,1,5,Bottles,216.7,TAX2
348,1,5,Bottles,532.9,TAX2
348,3,5,Boxes,324.17,TAX2
348,2,1,Boxes,929.22,TAX1
348,3,4,Boxes,830.61,TAX1
348,3,9,Bottles,562.22,TAX2
349,1,4,Bottles,289.86,TAX1
349,1,4,Bottles,684.06,TAX2
350,3,3,Packets,995.52,TAX1
350,1,2,Bottles,519.93,TAX3
350,1,7,Packets,418.8,TAX1
350,1,10,Boxes,942.06,TAX1
351,3,2,Boxes,482.2,TAX2
351,2,5,Bottles,180.84,TAX2
351,3,7,Packets,211.85,TAX3
351,3,1,Packets,410.54,TAX1
351,3,2,Bottles,950.12,TAX2
352,1,3,Bottles,197.41,TAX2
353,3,1,Bottles,592.09,TAX1
353,3,7,Boxes,570.91,TAX3
353,1,4,Packets,621.48,TAX1
353,2,1,Bottles,716.01,TAX1
354,1,2,Bottles,244.77,TAX3
354,2,1,Packets,748.37,TAX3
354,1,8,Bottles,502.92,TAX1
354,2,5,Boxes,752.58,TAX1
354,3,5,Bottles,111.96,TAX3
355,1,9,Packets,903.05,TAX3
355,3,8,Boxes,262.61,TAX1
355,3,6,Boxes,792.51,TAX1
355,1,5,Packets,463.27,TAX1
355,3,5,Boxes,240.12,TAX1
356,2,4,Bottles,948.45,TAX3
356,3,9,Packets,454.04,TAX1
356,3,7,Boxes,475.44,TAX2
356,1,10,Packets,164.7,TAX3
357,2,6,Bottles,641.15,TAX1
357,3,5,Packets,967.78,TAX2
357,1,7,Boxes,171.14,TAX1
357,1,5,Boxes,573.21,TAX2
357,2,5,Boxes,393.66,TAX3
358,1,5,Bottles,728.82,TAX2
359,3,3,Packets,662.56,TAX2
360,3,10,Bottles,322.3,TAX2
361,1,4,Packets,967.84,TAX3
361,1,3,Bottles,689.71,TAX2
361,3,7,Bottles,224.72,TAX1
362,1,5,Boxes,135.95,TAX3
362,2,7,Bottles,447.18,TAX3
363,1,6,Packets,242.49,TAX2
363,3,8,Boxes,512.95,TAX2
363,1,2,Bottles,592.32,TAX3
363,3,1,Boxes,432.47,TAX3
363,3,9,Bottles,178.32,TAX2
364,1,5,Boxes,930.96,TAX1
364,3,4,Boxes,249.31,TAX3
364,1,6,Bottles,420.97,TAX3
365,2,1,Packets,919.46,TAX1
365,3,10,Packets,706.61,TAX2
366,3,5,Packets,399.19,TAX3
366,3,10,Bottles,388.3,TAX3
367,1,9,Bottles,956.22,TAX1
367,2,5,Packets,559.19,TAX3
368,2,1,Packets,101.36,TAX1
368,3,2,Packets,435.8,TAX1
368,2,1,Boxes,738.61,TAX2
368,1,7,Bottles,720.06,TAX1
369,2,1,Bottles,711.66,TAX1
369,2,3,Boxes,973.4,TAX2
369,3,8,Bottles,487.97,TAX3
370,3,10,Bottles,962.32,TAX1
370,2,7,Bottles,881.86,TAX3
370,3,5,Boxes,779.25,TAX1
370,2,7,Bottles,604.78,TAX1
370,2,3,Bottles,615.11,TAX3
371,2,3,Bottles,859.53,TAX2
371,3,6,Boxes,487.55,TAX3
371,3,5,Bottles,489.91,TAX2
372,3,10,Packets,479.02,TAX2
372,1,10,Packets,962.51,TAX3
372,2,9,Bottles,950.17,TAX1
373,3,4,Packets,617.36,TAX1
373,2,8,Bottles,206.33,TAX3
374,3,5,Bottles,240.33,TAX2
374,3,8,Boxes,101.05,TAX1
374,3,3,Boxes,702.24,TAX3
374,1,4,Bottles,301.48,TAX1
375,3,3,Boxes,734.77,TAX1
375,2,1,Boxes,698.99,TAX3
375,1,2,Packets,245.07,TAX3
376,1,4,Bottles,515.69,TAX3
376,1,9,Bottles,721.77,TAX2
376,3,8,Boxes,517.27,TAX3
377,1,10,Boxes,679.42,TAX2
377,3,7,Packets,138.1,TAX2
377,2,10,Bottles,402.5,TAX2
377,2,6,Boxes,209.1,TAX1
377,3,5,Packets,811.43,TAX1
378,3,6,Boxes,817.63,TAX3
378,1,1,Packets,761.64,TAX3
378,2,6,Boxes,193.9,TAX1
379,3,5,Packets,807.24,TAX2
379,1,5,Packets,695.19,TAX1
379,1,5,Packets,838.2,TAX2
380,2,4,Packets,248.3,TAX3
380,2,6,Boxes,529.97,TAX2
380,3,7,Packets,770.0,TAX2
380,3,2,Boxes,286.72,TAX1
380,3,10,Boxes,252.86,TAX3
381,3,2,Bottles,927.21,TAX3
382,1,2,Packets,879.73,TAX1
382,3,4,Packets,250.48,TAX1
383,3,3,Packets,485.78,TAX2
384,3,1,Boxes,665.53,TAX3
384,1,4,Boxes,196.11,TAX2
384,3,3,Bottles,525.46,TAX1
384,3,6,Boxes,985.45,TAX1
385,1,10,Bottles,603.98,TAX2
385,2,3,Bottles,743.37,TAX1
385,3,5,Packets,884.47,TAX3
386,1,6,Packets,713.13,TAX2
386,1,4,Packets,428.27,TAX2
386,1,2,Bottles,699.62,TAX1
386,3,4,Bottles,433.98,TAX3
386,1,4,Bottles,381.41,TAX1
387,2,7,Bottles,189.37,TAX2
387,3,4,Packets,302.14,TAX1
387,3,5,Bottles,853.74,TAX1
387,3,5,Packets,222.58,TAX1
387,2,6,Boxes,542.86,TAX1
388,3,5,Bottles,299.48,TAX1
388,2,1,Bottles,544.28,TAX1
388,3,10,Packets,567.79,TAX1
389,1,8,Boxes,272.12,TAX3
389,3,9,Boxes,178.18,TAX1
389,1,4,Boxes,603.4,TAX1
390,2,7,Boxes,865.79,TAX2
390,2,1,Packets,783.89,TAX2
390,3,6,Bottles,805.86,TAX2
391,2,8,Bottles,987.01,TAX3
392,3,4,Packets,402.83,TAX3
392,1,4,Packets,577.22,TAX3
393,2,7,Boxes,195.85,TAX1
394,1,4,Bottles,154.16,TAX1
394,3,3,Boxes,505.31,TAX3
395,3,6,Bottles,754.98,TAX3
395,3,5,Boxes,210.17,TAX2
395,1,3,Boxes,440.29,TAX1
395,3,8,Bottles,370.18,TAX1
395,2,2,Boxes,407.26,TAX3
396,1,9,Packets,278.97,TAX3
396,1,6,Packets,136.03,TAX1
397,1,9,Packets,494.86,TAX2
397,2,10,Boxes,913.01,TAX3
397,1,9,Boxes,852.24,TAX1
398,2,1,Boxes,409.69,TAX3
399,3,6,Boxes,613.34,TAX3
399,3,6,Packets,545.49,TAX3
400,3,5,Packets,973.28,TAX2
400,1,7,Bottles,151.9,TAX2
400,3,2,Boxes,318.21,TAX2
401,2,8,Boxes,435.42,TAX2
401,2,10,Bottles,738.93,TAX2
402,1,10,Boxes,672.55,TAX3
402,2,2,Packets,760.76,TAX2
402,2,9,Boxes,913.67,TAX3
402,2,3,Packets,662.26,TAX2
403,2,7,Boxes,795.13,TAX2
403,3,4,Boxes,180.68,TAX2
403,3,10,Boxes,602.77,TAX2
404,1,1,Packets,323.97,TAX3
404,3,5,Boxes,793.48,TAX3
404,1,3,Packets,992.45,TAX1
404,1,10,Packets,999.0,TAX3
404,2,3,Packets,441.03,TAX2
405,2,7,Boxes,429.5,TAX1
406,1,1,Packets,882.41,TAX2
406,2,4,Packets,875.64,TAX2
407,2,3,Packets,479.82,TAX3
407,1,5,Packets,179.37,TAX2
407,1,6,Packets,369.6,TAX2
407,3,6,Packets,853.1,TAX2
408,1,4,Packets,579.16,TAX3
408,3,10,Packets,294.26,TAX3
408,3,10,Bottles,319.24,TAX2
409,3,7,Packets,257.95,TAX2
409,2,5,Boxes,605.76,TAX2
409,3,2,Boxes,555.58,TAX2
409,2,9,Bottles,168.71,TAX3
409,2,10,Boxes,621.58,TAX3
410,1,5,Packets,895.4,TAX2
410,2,10,Boxes,367.55,TAX2
411,1,5,Bottles,175.83,TAX3
411,3,1,Boxes,866.89,TAX3
411,3,9,Bottles,327.89,TAX3
411,2,1,Boxes,526.35,TAX2
412,1,4,Bottles,697.52,TAX2
412,2,1,Boxes,231.01,TAX3
413,3,8,Packets,274.05,TAX3
413,3,9,Packets,418.71,TAX3
414,1,2,Bottles,154.77,TAX3
414,2,7,Boxes,800.3,TAX3
414,1,3,Bottles,385.9,TAX1
414,2,8,Bottles,182.87,TAX2
414,1,8,Packets,961.31,TAX2
415,2,8,Boxes,583.31,TAX2
415,3,5,Boxes,443.19,TAX3
415,3,4,Bottles,758.38,TAX3
416,3,6,Packets,128.61,TAX2
416,1,6,Boxes,541.78,TAX3
416,3,3,Bottles,540.88,TAX2
416,3,6,Packets,176.31,TAX1
416,3,10,Packets,732.56,TAX1
417,1,1,Packets,791.94,TAX3
417,2,10,Boxes,345.29,TAX2
417,1,8,Boxes,948.18,TAX3
417,3,2,Packets,282.99,TAX3
417,2,8,Bottles,488.17,TAX2
418,1,8,Boxes,424.73,TAX2
418,2,2,Bottles,697.56,TAX3
418,3,7,Bottles,675.97,TAX1
418,2,9,Boxes,579.19,TAX3
419,1,9,Packets,228.64,TAX3
419,3,10,Bottles,741.58,TAX3
419,3,6,Boxes,860.41,TAX1
419,1,8,Packets,909.18,TAX3
420,3,9,Boxes,836.29,TAX1
420,2,3,Packets,360.8,TAX3
421,2,5,Packets,256.44,TAX3
421,1,8,Packets,399.52,TAX1
422,3,9,Bottles,188.72,TAX3
423,3,10,Boxes,909.63,TAX2
423,1,5,Bottles,284.3,TAX3
424,3,4,Packets,246.05,TAX1
424,2,2,Bottles,438.1,TAX1
424,2,2,Bottles,802.73,TAX1
424,3,1,Boxes,177.19,TAX3
424,2,2,Packets,117.38,TAX1
425,1,2,Bottles,174.93,TAX1
425,2,1,Packets,399.23,TAX3
425,2,8,Packets,765.85,TAX2
425,1,4,Bottles,742.08,TAX3
425,3,1,Bottles,802.89,TAX3
426,1,1,Packets,238.82,TAX2
427,1,3,Bottles,966.13,TAX2
427,2,6,Packets,446.46,TAX1
428,3,5,Packets,982.16,TAX2
428,1,9,Bottles,910.5,TAX2
428,3,3,Boxes,427.87,TAX1
429,2,10,Bottles,983.63,TAX3
429,2,6,Bottles,735.59,TAX3
429,3,10,Packets,833.77,TAX2
429,2,4,Boxes,308.62,TAX2
429,2,9,Bottles,848.88,TAX2
430,3,1,Packets,208.93,TAX3
430,1,4,Boxes,513.8,TAX2
430,3,9,Bottles,851.9,TAX1
431,1,2,Boxes,540.38,TAX1
431,2,7,Bottles,139.93,TAX2
431,1,6,Boxes,891.72,TAX3
431,2,2,Packets,862.21,TAX2
432,1,10,Packets,105.34,TAX1
432,3,1,Boxes,687.09,TAX2
432,1,8,Boxes,192.54,TAX1
433,2,1,Bottles,177.52,TAX1
433,1,8,Bottles,806.11,TAX3
433,1,9,Boxes,238.77,TAX1
434,1,8,Bottles,403.33,TAX2
435,1,5,Bottles,125.28,TAX1
435,1,5,Packets,869.11,TAX2
435,3,6,Bottles,512.13,TAX2
435,3,6,Bottles,743.05,TAX1
436,2,5,Bottles,256.97,TAX3
436,3,4,Packets,937.71,TAX2
437,3,10,Packets,967.52,TAX3
438,2,7,Bottles,231.59,TAX1
438,3,4,Bottles,543.11,TAX1
438,1,8,Bottles,784.52,TAX1
438,2,10,Packets,747.79,TAX3
439,1,1,Boxes,220.13,TAX2
439,3,7,Boxes,967.27,TAX1
439,2,1,Boxes,123.0,TAX3
439,2,7,Bottles,568.53,TAX3
440,3,3,Bottles,888.52,TAX3
441,2,3,Boxes,486.61,TAX3
441,2,10,Boxes,278.77,TAX1
441,1,2,Boxes,625.29,TAX1
441,2,6,Bottles,613.31,TAX2
442,3,9,Boxes,950.01,TAX2
442,3,7,Bottles,404.62,TAX2
442,1,9,Packets,459.73,TAX1
442,3,6,Boxes,188.41,TAX2
443,2,6,Bottles,682.33,TAX3
444,3,5,Bottles,262.07,TAX2
445,1,9,Boxes,688.22,TAX3
445,2,4,Boxes,516.38,TAX1
446,3,5,Bottles,764.71,TAX2
446,1,8,Boxes,377.16,TAX1
447,3,1,Packets,516.58,TAX1
447,2,2,Packets,450.44,TAX3
447,1,2,Bottles,429.67,TAX1
448,1,6,Packets,937.14,TAX1
448,3,10,Packets,773.05,TAX1
448,1,4,Bottles,730.74,TAX2
449,1,1,Packets,589.72,TAX3
449,2,1,Boxes,770.63,TAX2
449,1,6,Bottles,892.39,TAX3
449,3,10,Boxes,538.49,TAX2
449,1,7,Boxes,647.71,TAX1
450,2,1,Boxes,418.67,TAX1
450,1,3,Packets,724.7,TAX1
450,3,7,Bottles,652.06,TAX3
450,3,2,Packets,628.27,TAX2
451,2,10,Packets,183.43,TAX1
451,2,7,Packets,835.65,TAX3
451,1,3,Boxes,754.6,TAX1
451,3,9,Packets,997.19,TAX2
451,1,1,Packets,644.73,TAX1
452,2,3,Bottles,544.32,TAX1
453,3,8,Packets,800.33,TAX3
453,3,7,Packets,385.34,TAX2
454,1,8,Packets,917.55,TAX1
454,1,8,Bottles,977.37,TAX1
454,2,3,Packets,685.09,TAX1
454,1,6,Bottles,122.4,TAX1
454,1,8,Packets,384.42,TAX1
455,2,10,Packets,961.0,TAX1
455,1,10,Packets,919.8,TAX3
456,2,6,Bottles,890.17,TAX1
456,1,8,Bottles,607.99,TAX1
457,3,4,Boxes,728.37,TAX2
457,2,10,Bottles,787.68,TAX1
457,3,6,Packets,963.55,TAX3
457,2,9,Packets,966.44,TAX1
457,1,2,Boxes,124.44,TAX3
458,1,5,Boxes,584.69,TAX2
458,1,1,Packets,569.16,TAX2
459,2,1,Boxes,145.39,TAX3
459,2,10,Bottles,655.74,TAX2
459,2,2,Bottles,910.92,TAX2
460,2,5,Boxes,864.78,TAX3
461,1,9,Bottles,163.29,TAX2
461,1,7,Boxes,870.93,TAX3
461,2,9,Bottles,549.01,TAX3
461,2,9,Bottles,642.76,TAX3
462,3,5,Packets,805.02,TAX2
462,3,7,Bottles,545.87,TAX2
462,2,6,Packets,464.67,TAX1
462,3,7,Bottles,273.58,TAX3
463,3,1,Bottles,284.2,TAX2
463,2,2,Bottles,122.02,TAX1
463,2,5,Bottles,144.5,TAX1
463,2,7,Bottles,479.57,TAX2
463,3,1,Bottles,550.19,TAX1
464,3,7,Bottles,115.76,TAX1
464,3,2,Boxes,817.7,TAX2
464,3,3,Boxes,992.6,TAX1
464,1,6,Bottles,197.18,TAX2
465,1,1,Bottles,357.63,TAX2
466,1,5,Boxes,297.99,TAX2
466,1,7,Bottles,865.6,TAX1
466,2,9,Packets,938.7,TAX3
466,3,3,Boxes,193.86,TAX2
466,3,6,Bottles,949.45,TAX1
467,3,7,Packets,219.38,TAX1
467,1,4,Bottles,167.96,TAX2
467,2,5,Boxes,329.49,TAX3
468,2,10,Bottles,873.58,TAX1
468,3,6,Boxes,724.86,TAX2
468,1,9,Boxes,899.14,TAX1
469,1,3,Bottles,482.58,TAX1
469,3,7,Boxes,210.55,TAX2
469,1,3,Packets,286.03,TAX2
469,1,7,Boxes,654.54,TAX2
469,2,3,Bottles,274.08,TAX2
470,1,2,Boxes,219.77,TAX3
470,1,7,Bottles,456.09,TAX3
470,2,4,Packets,233.02,TAX3
471,2,7,Bottles,719.21,TAX3
471,2,10,Bottles,709.84,TAX2
471,1,3,Bottles,543.27,TAX1
472,1,2,Boxes,508.45,TAX3
472,1,8,Bottles,860.88,TAX1
472,3,1,Boxes,736.44,TAX1
472,2,2,Boxes,331.26,TAX1
472,2,8,Boxes,356.95,TAX1
473,1,10,Boxes,371.01,TAX2
474,2,4,Boxes,123.36,TAX1
474,3,8,Packets,290.91,TAX1
474,1,6,Packets,726.78,TAX3
474,1,5,Bottles,539.94,TAX3
475,2,2,Bottles,400.19,TAX3
475,1,6,Packets,681.02,TAX1
476,3,7,Packets,146.22,TAX2
477,2,4,Packets,950.68,TAX3
477,1,9,Packets,150.5,TAX2
477,3,7,Bottles,586.5,TAX1
477,3,6,Boxes,221.89,TAX2
478,3,6,Bottles,136.21,TAX1
478,3,6,Packets,495.76,TAX2
478,2,2,Boxes,217.08,TAX1
479,3,1,Bottles,973.45,TAX2
479,2,4,Packets,145.41,TAX1
479,3,10,Packets,204.23,TAX2
479,3,9,Packets,401.87,TAX2
479,1,9,Boxes,578.05,TAX2
480,1,7,Packets,566.35,TAX3
480,1,9,Bottles,424.75,TAX3
480,2,3,Boxes,894.23,TAX1
481,2,5,Bottles,529.29,TAX3
481,1,10,Boxes,116.35,TAX1
481,1,7,Bottles,867.48,TAX1
481,2,7,Boxes,239.89,TAX2
481,3,2,Bottles,868.03,TAX3
482,1,8,Boxes,977.06,TAX2
482,1,8,Packets,811.15,TAX2
482,3,6,Bottles,460.96,TAX1
482,2,2,Packets,566.13,TAX1
482,3,1,Bottles,849.24,TAX3
483,2,7,Boxes,362.99,TAX3
483,2,5,Packets,630.06,TAX2
483,1,4,Packets,882.36,TAX1
483,2,2,Bottles,210.91,TAX2
483,1,6,Bottles,524.72,TAX1
484,1,8,Boxes,909.23,TAX1
485,2,4,Packets,261.42,TAX3
485,3,3,Boxes,919.59,TAX2
486,3,9,Boxes,660.15,TAX3
487,2,1,Boxes,234.38,TAX2
487,1,5,Packets,568.53,TAX3
487,1,5,Boxes,244.67,TAX3
487,3,8,Packets,398.31,TAX2
487,2,1,Packets,507.72,TAX2
488,3,1,Boxes,906.99,TAX3
488,2,4,Boxes,441.47,TAX1
488,3,6,Boxes,277.22,TAX3
489,1,4,Bottles,784.02,TAX3
490,2,5,Bottles,499.86,TAX1
490,1,2,Boxes,504.66,TAX2
490,1,6,Packets,446.27,TAX1
490,2,4,Boxes,303.8,TAX2
491,2,8,Boxes,368.14,TAX1
492,3,9,Boxes,351.4,TAX3
492,3,4,Packets,879.64,TAX1
492,2,7,Boxes,940.52,TAX2
492,2,1,Bottles,384.97,TAX1
493,2,10,Boxes,523.23,TAX3
494,1,6,Bottles,266.1,TAX1
495,1,9,Packets,302.73,TAX3
495,1,8,Packets,982.58,TAX3
496,3,10,Boxes,994.02,TAX3
496,1,1,Bottles,372.03,TAX2
497,2,10,Bottles,998.1,TAX2
497,2,1,Bottles,642.02,TAX3
497,1,3,Packets,599.26,TAX1
497,3,2,Bottles,131.56,TAX1
498,1,3,Bottles,443.57,TAX1
498,3,9,Bottles,299.92,TAX3
498,2,9,Boxes,876.35,TAX2
498,3,3,Boxes,944.85,TAX2
498,2,6,Packets,133.31,TAX3
499,1,7,Packets,277.39,TAX2
499,2,9,Packets,554.21,TAX1
499,3,9,Bottles,629.24,TAX3
499,3,9,Bottles,303.0,TAX2
499,1,8,Boxes,158.13,TAX1
500,2,3,Packets,233.15,TAX1
500,2,2,Packets,713.45,TAX3
500,1,7,Boxes,702.62,TAX1
501,3,10,Bottles,282.88,TAX2
501,2,8,Packets,409.99,TAX2
501,3,1,Boxes,817.12,TAX1
502,1,7,Packets,201.91,TAX1
502,1,8,Packets,692.35,TAX2
502,3,6,Boxes,854.78,TAX2
502,2,10,Packets,352.09,TAX1
503,1,10,Bottles,582.79,TAX2
503,2,7,Bottles,404.67,TAX2
503,1,6,Packets,512.34,TAX3
503,2,7,Packets,619.0,TAX3
503,3,3,Boxes,508.94,TAX2
504,1,2,Bottles,914.15,TAX1
505,3,5,Bottles,340.32,TAX1
505,1,4,Boxes,179.38,TAX1
505,3,5,Bottles,999.96,TAX1
505,1,2,Packets,936.79,TAX1
505,1,9,Boxes,891.2,TAX2
506,2,4,Bottles,797.87,TAX2
506,2,3,Boxes,145.41,TAX1
507,2,7,Bottles,579.05,TAX1
507,3,3,Packets,975.15,TAX3
507,2,6,Packets,342.48,TAX1
507,3,5,Boxes,538.4,TAX2
507,3,9,Bottles,730.87,TAX2
508,2,6,Bottles,455.59,TAX1
509,3,10,Packets,912.94,TAX2
509,3,2,Packets,173.36,TAX1
509,2,2,Bottles,738.65,TAX2
510,3,9,Bottles,997.49,TAX2
510,2,5,Packets,480.43,TAX2
510,3,10,Packets,273.05,TAX3
510,1,9,Boxes,845.17,TAX1
510,2,1,Bottles,964.64,TAX1
511,2,6,Boxes,805.06,TAX2
511,2,5,Packets,104.01,TAX3
511,2,4,Bottles,439.91,TAX1
511,2,9,Packets,891.9,TAX3
511,2,3,Bottles,114.13,TAX2
512,1,1,Boxes,797.51,TAX1
512,1,1,Boxes,437.75,TAX1
513,1,5,Packets,865.97,TAX2
513,2,3,Boxes,453.37,TAX2
513,1,5,Boxes,797.68,TAX2
513,1,4,Boxes,625.43,TAX1
513,3,8,Boxes,228.8,TAX2
514,2,8,Bottles,299.1,TAX2
514,2,1,Packets,942.25,TAX1
514,1,4,Boxes,272.37,TAX3
514,3,7,Bottles,485.73,TAX2
515,3,6,Bottles,737.43,TAX1
515,2,3,Bottles,785.94,TAX1
515,1,3,Bottles,314.18,TAX3
516,2,7,Packets,687.26,TAX1
516,2,7,Boxes,984.71,TAX1
516,1,3,Bottles,119.46,TAX3
516,3,3,Packets,391.47,TAX1
517,1,8,Bottles,631.75,TAX2
517,2,2,Packets,889.78,TAX3
517,2,9,Packets,418.16,TAX3
517,1,6,Packets,562.01,TAX2
517,1,10,Boxes,323.42,TAX2
518,1,5,Bottles,374.52,TAX1
518,1,8,Packets,580.25,TAX2
518,2,3,Bottles,869.72,TAX2
518,2,3,Bottles,745.85,TAX3
518,1,5,Packets,365.53,TAX2
519,2,7,Bottles,388.54,TAX3
519,1,5,Bottles,400.74,TAX2
519,2,7,Packets,496.16,TAX2
519,1,7,Packets,740.32,TAX2
520,1,2,Bottles,229.93,TAX3
521,3,7,Bottles,938.53,TAX1
521,3,8,Packets,629.15,TAX2
522,1,6,Bottles,463.92,TAX2
522,3,7,Boxes,247.02,TAX3
522,3,5,Packets,369.15,TAX3
522,2,8,Boxes,123.84,TAX1
523,1,1,Packets,245.3,TAX3
524,3,10,Packets,631.22,TAX2
524,3,2,Boxes,815.28,TAX2
524,1,4,Bottles,704.03,TAX2
524,2,6,Boxes,457.08,TAX1
525,3,7,Boxes,173.33,TAX1
525,2,1,Bottles,179.78,TAX2
526,2,6,Packets,992.23,TAX3
526,3,2,Bottles,227.8,TAX2
526,2,5,Packets,421.75,TAX3
526,1,9,Boxes,721.83,TAX2
526,1,3,Bottles,240.45,TAX2
527,1,5,Bottles,683.4,TAX1
527,1,8,Packets,236.78,TAX3
528,2,9,Bottles,158.3,TAX1
528,3,8,Bottles,180.33,TAX1
528,1,7,Boxes,603.03,TAX1
528,3,10,Boxes,630.36,TAX2
529,1,9,Packets,404.68,TAX2
529,1,10,Bottles,192.1,TAX1
529,2,6,Boxes,298.24,TAX1
529,3,2,Boxes,235.88,TAX2
529,1,6,Packets,845.85,TAX3
530,1,3,Bottles,717.19,TAX2
531,3,10,Packets,715.99,TAX1
531,2,5,Packets,751.37,TAX1
532,2,5,Packets,998.66,TAX2
533,1,2,Packets,891.6,TAX2
533,1,6,Boxes,345.86,TAX3
533,3,2,Packets,925.88,TAX2
533,2,10,Bottles,286.55,TAX3
534,2,1,Boxes,663.39,TAX1
534,3,2,Packets,952.84,TAX3
535,2,5,Bottles,675.31,TAX2
535,1,4,Packets,862.05,TAX1
535,1,8,Bottles,154.44,TAX3
535,2,7,Boxes,592.82,TAX2
535,3,9,Packets,994.59,TAX2
536,1,6,Bottles,862.68,TAX1
536,1,3,Boxes,391.6,TAX3
536,3,9,Packets,508.09,TAX2
536,1,3,Packets,901.18,TAX1
536,3,8,Boxes,672.58,TAX3
537,1,8,Bottles,289.79,TAX2
538,3,3,Packets,997.75,TAX3
538,1,2,Packets,406.96,TAX3
538,1,3,Bottles,971.53,TAX1
539,3,4,Boxes,284.71,TAX3
539,1,3,Bottles,707.18,TAX1
540,1,6,Packets,805.33,TAX3
540,1,5,Bottles,505.49,TAX2
541,3,5,Bottles,103.26,TAX2
542,3,4,Bottles,620.6,TAX1
542,3,9,Packets,285.75,TAX3
542,3,10,Bottles,984.21,TAX1
543,3,9,Packets,142.54,TAX1
543,1,4,Bottles,143.16,TAX3
543,2,5,Packets,680.75,TAX3
543,1,5,Bottles,930.49,TAX3
543,3,5,Bottles,174.57,TAX2
544,2,1,Bottles,382.3,TAX3
545,1,3,Packets,213.55,TAX1
545,2,5,Boxes,597.52,TAX1
545,3,10,Boxes,978.2,TAX2
546,1,1,Packets,557.61,TAX1
546,2,3,Bottles,377.86,TAX2
546,3,5,Bottles,635.4,TAX3
547,3,8,Boxes,777.01,TAX2
547,2,3,Packets,420.64,TAX2
547,3,4,Bottles,369.82,TAX1
548,3,8,Bottles,611.75,TAX2
549,2,1,Boxes,770.29,TAX1
549,2,5,Packets,532.75,TAX3
549,1,3,Boxes,428.56,TAX3
550,1,6,Bottles,206.51,TAX2
550,1,1,Boxes,420.67,TAX3
550,2,7,Bottles,134.09,TAX1
550,1,1,Packets,102.07,TAX1
550,2,1,Packets,976.1,TAX2
551,2,5,Packets,539.1,TAX1
551,1,4,Boxes,493.37,TAX3
551,2,8,Boxes,250.19,TAX2
552,2,1,Bottles,225.89,TAX3
553,2,10,Boxes,800.71,TAX1
553,1,9,Boxes,853.07,TAX2
553,2,7,Packets,586.43,TAX3
554,2,4,Boxes,562.56,TAX1
554,2,4,Boxes,129.86,TAX1
555,3,5,Bottles,363.98,TAX1
555,2,1,Packets,720.7,TAX2
555,3,1,Packets,967.71,TAX2
555,1,9,Packets,192.53,TAX3
556,1,6,Boxes,568.17,TAX3
556,2,9,Bottles,528.16,TAX1
556,3,10,Packets,885.77,TAX3
556,1,9,Packets,558.67,TAX3
556,3,9,Bottles,339.91,TAX1
557,1,10,Bottles,287.4,TAX1
557,1,5,Boxes,521.21,TAX2
557,1,4,Boxes,761.84,TAX2
558,1,6,Packets,211.71,TAX3
558,2,8,Bottles,663.29,TAX1
558,3,10,Boxes,596.39,TAX1
558,2,7,Boxes,196.51,TAX1
559,2,9,Bottles,917.05,TAX2
559,2,4,Bottles,344.59,TAX3
559,1,2,Packets,138.76,TAX1
559,2,1,Boxes,462.1,TAX1
560,3,7,Bottles,304.41,TAX2
561,1,2,Packets,396.08,TAX1
561,1,6,Packets,209.63,TAX3
561,1,10,Bottles,714.91,TAX2
561,3,8,Boxes,892.02,TAX1
561,1,7,Boxes,915.63,TAX1
562,3,2,Packets,815.42,TAX3
562,2,1,Packets,453.16,TAX3
562,2,10,Boxes,438.51,TAX1
562,2,7,Boxes,626.74,TAX3
562,3,7,Packets,789.26,TAX1
563,3,9,Bottles,806.02,TAX2
564,3,2,Boxes,802.42,TAX2
564,3,9,Packets,343.84,TAX1
564,2,7,Bottles,286.76,TAX3
564,2,6,Packets,372.49,TAX1
565,1,7,Bottles,677.5,TAX1
565,3,3,Bottles,423.58,TAX3
565,3,6,Boxes,192.87,TAX2
565,2,8,Boxes,600.83,TAX2
565,1,4,Boxes,175.86,TAX2
566,2,9,Bottles,458.31,TAX2
566,2,6,Bottles,498.78,TAX3
567,1,3,Bottles,162.38,TAX3
567,1,9,Bottles,278.04,TAX3
568,1,7,Packets,367.67,TAX3
568,1,6,Boxes,808.15,TAX3
568,1,1,Boxes,889.46,TAX2
569,1,5,Packets,207.02,TAX3
569,1,2,Boxes,520.74,TAX3
569,1,1,Boxes,542.24,TAX1
569,1,10,Bottles,285.11,TAX3
569,1,9,Packets,860.51,TAX2
570,1,1,Boxes,225.4,TAX1
570,3,4,Boxes,311.01,TAX1
570,3,2,Packets,902.58,TAX1
570,2,10,Boxes,426.24,TAX1
570,1,5,Boxes,664.05,TAX1
571,1,4,Bottles,627.55,TAX2
571,1,8,Boxes,756.97,TAX2
572,3,8,Bottles,697.29,TAX3
573,3,2,Bottles,720.91,TAX3
574,3,5,Boxes,779.56,TAX1
574,3,1,Boxes,847.3,TAX2
574,2,9,Packets,682.14,TAX1
575,3,6,Bottles,612.55,TAX1
575,3,2,Boxes,912.67,TAX2
575,2,1,Bottles,827.37,TAX1
576,2,5,Boxes,364.77,TAX3
577,1,9,Bottles,786.5,TAX1
577,3,5,Packets,502.54,TAX1
577,3,4,Bottles,378.42,TAX1
577,2,2,Bottles,838.76,TAX1
577,2,10,Bottles,577.29,TAX3
578,3,7,Packets,191.74,TAX3
578,2,9,Boxes,124.98,TAX3
578,3,9,Packets,907.93,TAX3
579,1,4,Packets,190.69,TAX2
579,1,4,Boxes,711.25,TAX2
579,1,3,Boxes,345.64,TAX3
580,1,8,Boxes,945.83,TAX1
580,1,5,Bottles,923.18,TAX3
581,3,10,Packets,617.51,TAX3
581,1,3,Packets,134.73,TAX2
582,1,4,Packets,207.94,TAX3
583,3,2,Boxes,633.45,TAX2
583,3,7,Packets,976.14,TAX3
583,3,6,Boxes,298.52,TAX1
583,1,8,Packets,870.51,TAX2
584,3,2,Boxes,529.52,TAX1
585,1,7,Boxes,368.69,TAX3
585,1,6,Packets,587.54,TAX2
585,3,2,Boxes,689.02,TAX3
585,1,5,Bottles,170.99,TAX1
585,3,1,Boxes,695.61,TAX1
586,2,1,Bottles,286.7,TAX1
586,3,2,Bottles,718.39,TAX3
586,3,8,Boxes,573.28,TAX2
587,3,9,Packets,448.61,TAX2
587,2,8,Bottles,455.83,TAX3
587,3,4,Bottles,944.66,TAX1
588,3,6,Boxes,155.11,TAX3
588,1,2,Packets,100.22,TAX1
588,2,3,Packets,111.91,TAX3
589,1,2,Boxes,544.02,TAX2
589,3,1,Packets,844.12,TAX2
589,2,1,Bottles,339.51,TAX1
590,1,6,Bottles,131.84,TAX3
590,2,8,Packets,208.23,TAX2
590,3,4,Boxes,365.53,TAX2
591,1,1,Bottles,392.09,TAX1
591,1,4,Packets,950.08,TAX1
591,2,7,Boxes,770.62,TAX3
592,2,8,Boxes,140.82,TAX3
593,2,3,Packets,246.84,TAX3
593,2,4,Boxes,469.51,TAX3
594,2,3,Packets,245.3,TAX1
594,1,10,Bottles,405.96,TAX2
595,2,7,Boxes,298.99,TAX2
595,3,5,Bottles,216.82,TAX2
595,2,9,Bottles,310.47,TAX3
595,2,4,Bottles,341.1,TAX1
596,1,1,Packets,277.75,TAX1
596,1,2,Boxes,944.0,TAX3
596,2,1,Bottles,467.14,TAX3
596,3,7,Boxes,865.81,TAX1
597,3,5,Boxes,297.38,TAX3
597,3,3,Packets,498.94,TAX2
597,2,6,Boxes,864.73,TAX1
597,3,2,Bottles,936.03,TAX2
597,3,1,Packets,361.25,TAX1
598,3,9,Boxes,645.96,TAX2
598,1,4,Boxes,424.19,TAX1
599,2,4,Packets,722.53,TAX1
599,1,6,Bottles,470.0,TAX3
599,1,7,Packets,440.29,TAX3
600,1,5,Bottles,996.44,TAX2
600,3,2,Bottles,972.29,TAX3
600,3,2,Packets,435.07,TAX3
601,3,3,Boxes,581.14,TAX2
602,1,5,Packets,530.94,TAX3
602,2,3,Bottles,575.38,TAX3
602,3,6,Boxes,243.64,TAX3
602,3,4,Bottles,542.18,TAX3
602,1,5,Bottles,118.14,TAX3
603,2,2,Bottles,888.24,TAX1
603,2,3,Boxes,786.47,TAX3
603,3,2,Boxes,324.89,TAX3
603,3,10,Boxes,998.5,TAX3
604,2,4,Boxes,845.32,TAX3
604,1,2,Bottles,214.43,TAX3
604,2,7,Boxes,425.9,TAX3
604,2,10,Bottles,860.49,TAX3
605,2,8,Packets,694.32,TAX2
605,1,9,Bottles,775.25,TAX3
605,3,10,Packets,551.37,TAX2
606,2,3,Boxes,991.66,TAX3
606,2,4,Boxes,564.9,TAX3
606,2,6,Packets,468.95,TAX1
606,1,2,Bottles,265.82,TAX3
607,3,2,Boxes,562.7,TAX1
607,3,4,Boxes,964.62,TAX3
607,1,5,Boxes,641.22,TAX2
607,1,6,Packets,444.87,TAX2
608,3,1,Boxes,337.68,TAX1
609,1,10,Boxes,183.73,TAX2
609,2,7,Bottles,920.98,TAX3
610,3,9,Packets,913.18,TAX1
611,1,6,Bottles,149.52,TAX3
611,2,7,Bottles,667.09,TAX1
611,2,2,Packets,158.35,TAX2
612,1,2,Packets,664.25,TAX3
612,2,5,Boxes,432.02,TAX1
612,3,2,Bottles,514.82,TAX2
613,2,10,Boxes,251.15,TAX1
613,3,1,Boxes,988.22,TAX3
614,3,6,Bottles,369.47,TAX2
614,1,6,Bottles,384.25,TAX3
614,1,9,Bottles,466.59,TAX3
615,1,5,Boxes,872.85,TAX1
615,2,10,Boxes,182.69,TAX2
615,1,4,Packets,868.21,TAX1
615,2,3,Bottles,199.69,TAX3
615,3,6,Boxes,593.77,TAX2
616,1,8,Packets,507.44,TAX2
617,2,10,Boxes,647.94,TAX1
617,3,7,Bottles,910.9,TAX1
617,2,6,Boxes,883.07,TAX2
617,3,3,Bottles,745.31,TAX2
617,1,6,Bottles,807.31,TAX1
618,2,4,Boxes,579.85,TAX1
619,1,8,Packets,827.9,TAX1
619,1,3,Bottles,267.92,TAX2
619,2,2,Bottles,642.7,TAX2
619,3,5,Boxes,988.37,TAX3
619,2,8,Packets,870.69,TAX2
620,1,5,Bottles,242.61,TAX3
621,3,10,Packets,118.29,TAX3
622,1,3,Boxes,150.21,TAX2
622,2,9,Bottles,641.58,TAX1
622,3,10,Packets,842.68,TAX2
623,2,7,Bottles,566.59,TAX3
624,1,1,Bottles,695.58,TAX2
624,2,3,Bottles,505.4,TAX2
624,1,8,Bottles,185.71,TAX3
625,3,2,Bottles,386.91,TAX2
625,3,4,Boxes,130.69,TAX1
625,2,3,Packets,847.75,TAX1
625,3,1,Bottles,923.36,TAX2
626,2,1,Boxes,118.6,TAX2
626,1,6,Boxes,544.57,TAX2
627,1,2,Boxes,955.11,TAX2
627,2,3,Packets,601.13,TAX3
627,3,1,Packets,625.12,TAX1
628,3,6,Packets,246.32,TAX2
628,3,1,Bottles,233.41,TAX1
628,2,4,Packets,914.67,TAX1
628,3,5,Packets,828.19,TAX1
629,1,7,Packets,263.57,TAX1
629,3,9,Packets,654.17,TAX2
629,2,1,Bottles,414.38,TAX2
629,3,3,Bottles,602.15,TAX2
630,3,6,Bottles,903.89,TAX1
630,1,10,Bottles,267.18,TAX1
631,1,5,Bottles,100.65,TAX1
631,3,8,Boxes,125.96,TAX3
631,3,6,Bottles,172.05,TAX1
631,3,10,Boxes,657.72,TAX1
631,3,9,Packets,302.34,TAX3
632,3,5,Boxes,117.73,TAX1
632,3,2,Boxes,638.15,TAX3
632,2,10,Packets,908.7,TAX3
632,3,4,Packets,133.31,TAX1
632,1,1,Boxes,707.82,TAX1
633,3,4,Packets,896.22,TAX1
634,2,7,Packets,311.58,TAX1
634,2,2,Packets,537.9,TAX2
634,1,2,Bottles,989.46,TAX2
634,3,2,Packets,553.57,TAX3
634,1,6,Boxes,234.79,TAX1
635,2,3,Bottles,925.62,TAX1
635,1,5,Packets,672.62,TAX1
636,1,9,Bottles,519.71,TAX3
636,3,3,Bottles,874.86,TAX2
636,2,6,Packets,898.12,TAX3
636,2,4,Boxes,466.37,TAX3
637,3,6,Boxes,128.24,TAX2
637,1,9,Bottles,449.94,TAX1
637,3,9,Boxes,722.14,TAX2
637,3,7,Packets,233.39,TAX2
637,1,6,Boxes,193.08,TAX1
638,2,3,Bottles,384.84,TAX1
638,2,4,Packets,695.59,TAX1
638,3,9,Packets,583.87,TAX3
638,3,6,Bottles,804.32,TAX1
639,3,7,Boxes,418.08,TAX1
639,1,10,Boxes,906.17,TAX3
639,1,6,Boxes,682.2,TAX2
639,3,3,Boxes,315.93,TAX1
639,2,3,Packets,858.82,TAX1
640,1,3,Boxes,520.96,TAX2
640,3,8,Packets,734.58,TAX3
640,1,2,Packets,562.39,TAX2
640,1,8,Boxes,212.96,TAX1
641,3,8,Bottles,560.76,TAX1
642,3,3,Packets,443.95,TAX3
642,3,2,Packets,986.62,TAX2
642,1,8,Bottles,245.28,TAX3
642,3,1,Packets,631.66,TAX2
643,1,2,Packets,415.74,TAX2
643,2,4,Boxes,932.06,TAX1
643,3,6,Boxes,847.29,TAX2
643,3,9,Boxes,877.04,TAX2
644,2,9,Bottles,870.1,TAX1
644,1,3,Bottles,330.0,TAX3
644,3,8,Boxes,759.33,TAX1
644,2,2,Bottles,440.75,TAX1
644,2,1,Packets,589.36,TAX2
645,3,7,Boxes,157.5,TAX2
646,1,1,Bottles,711.43,TAX2
646,1,5,Bottles,162.36,TAX3
646,1,4,Bottles,126.51,TAX3
646,1,2,Bottles,426.19,TAX2
647,1,7,Bottles,642.67,TAX2
647,2,7,Boxes,235.44,TAX1
647,2,9,Packets,497.6,TAX2
648,1,3,Boxes,558.84,TAX3
649,2,10,Boxes,589.93,TAX1
649,1,3,Packets,353.26,TAX2
649,3,1,Boxes,780.86,TAX2
649,3,1,Bottles,332.73,TAX2
650,3,9,Bottles,951.32,TAX3
650,2,2,Boxes,622.23,TAX3
651,1,2,Packets,648.79,TAX2
651,1,6,Packets,325.84,TAX3
651,2,3,Bottles,847.69,TAX1
651,2,6,Packets,519.93,TAX1
651,3,10,Packets,571.6,TAX3
652,3,1,Boxes,623.4,TAX3
652,3,7,Bottles,717.37,TAX3
652,3,3,Boxes,158.56,TAX1
652,3,8,Boxes,439.93,TAX3
652,3,8,Bottles,470.56,TAX1
653,3,6,Packets,392.37,TAX1
653,2,5,Boxes,578.43,TAX2
654,1,5,Bottles,374.32,TAX1
654,3,1,Boxes,988.79,TAX2
655,2,5,Packets,851.09,TAX2
655,2,6,Bottles,868.96,TAX2
655,1,9,Packets,244.55,TAX3
655,3,4,Boxes,203.69,TAX3
656,2,1,Bottles,108.05,TAX2
656,1,6,Bottles,238.7,TAX2
656,3,7,Boxes,954.0,TAX2
656,1,6,Packets,980.27,TAX2
656,2,4,Boxes,956.03,TAX2
657,3,10,Boxes,999.6,TAX2
657,3,8,Boxes,585.93,TAX1
658,2,3,Bottles,530.93,TAX3
658,2,6,Boxes,748.4,TAX3
658,1,9,Packets,752.13,TAX2
658,1,6,Boxes,848.64,TAX1
658,2,1,Bottles,852.47,TAX1
659,2,2,Boxes,947.86,TAX1
659,1,6,Packets,284.21,TAX3
660,2,7,Bottles,502.73,TAX3
660,2,7,Bottles,190.77,TAX2
660,1,3,Boxes,320.0,TAX2
661,1,9,Bottles,733.42,TAX1
662,3,3,Bottles,461.4,TAX2
662,2,5,Packets,373.24,TAX1
662,2,8,Bottles,856.92,TAX3
663,3,5,Packets,589.01,TAX2
663,1,2,Bottles,127.05,TAX2
664,1,7,Bottles,802.62,TAX3
664,3,9,Boxes,603.21,TAX3
664,2,1,Boxes,366.41,TAX2
664,2,2,Boxes,113.16,TAX3
664,3,3,Boxes,497.82,TAX2
665,1,10,Bottles,988.09,TAX3
666,3,7,Boxes,633.4,TAX3
666,3,9,Packets,919.04,TAX1
666,1,2,Boxes,517.98,TAX2
667,1,7,Boxes,450.76,TAX3
667,2,9,Packets,911.18,TAX3
667,2,2,Boxes,454.97,TAX3
667,2,2,Boxes,279.65,TAX3
668,2,8,Boxes,691.2,TAX1
668,2,3,Boxes,309.72,TAX2
668,3,3,Packets,738.75,TAX1
668,1,1,Bottles,638.92,TAX3
669,1,1,Boxes,667.95,TAX1
669,3,8,Packets,368.43,TAX2
669,2,3,Packets,445.07,TAX1
669,2,7,Bottles,273.39,TAX2
669,3,7,Boxes,130.45,TAX1
670,1,3,Boxes,545.74,TAX3
670,3,6,Boxes,938.83,TAX2
671,3,2,Packets,341.36,TAX3
671,1,2,Packets,853.57,TAX1
671,2,10,Bottles,684.41,TAX3
671,3,5,Packets,962.48,TAX3
672,2,7,Packets,370.9,TAX2
672,1,4,Packets,701.18,TAX3
672,2,8,Bottles,755.6,TAX1
672,1,3,Packets,143.07,TAX2
673,1,1,Packets,585.92,TAX1
674,1,1,Packets,579.67,TAX1
674,2,6,Packets,490.25,TAX1
675,2,4,Bottles,856.62,TAX2
675,2,6,Bottles,801.4,TAX3
675,2,9,Bottles,797.55,TAX1
675,3,1,Boxes,270.9,TAX2
676,3,3,Boxes,602.82,TAX3
677,3,5,Packets,106.74,TAX1
677,2,10,Packets,930.61,TAX2
678,2,4,Packets,229.24,TAX3
678,2,2,Packets,873.54,TAX2
679,3,10,Boxes,859.63,TAX3
679,1,3,Packets,987.66,TAX1
679,3,5,Bottles,654.01,TAX3
680,1,5,Bottles,343.12,TAX1
680,2,10,Boxes,143.56,TAX3
680,1,4,Packets,888.17,TAX3
680,3,4,Boxes,835.22,TAX1
681,2,1,Bottles,590.7,TAX2
681,2,2,Packets,545.06,TAX2
681,3,9,Boxes,872.98,TAX2
682,1,5,Packets,115.12,TAX3
682,3,1,Boxes,863.06,TAX1
682,1,7,Packets,851.88,TAX3
682,3,3,Packets,398.02,TAX1
683,1,2,Packets,404.04,TAX3
683,3,3,Boxes,835.17,TAX1
683,1,10,Boxes,276.25,TAX1
684,2,7,Packets,362.87,TAX1
684,1,8,Bottles,888.37,TAX2
684,3,6,Packets,305.33,TAX2
684,1,9,Packets,514.26,TAX2
684,3,6,Bottles,749.38,TAX2
685,1,7,Packets,944.88,TAX3
686,2,2,Bottles,302.89,TAX1
686,1,1,Boxes,323.28,TAX1
686,2,10,Bottles,340.1,TAX2
686,2,6,Packets,161.36,TAX2
686,2,1,Boxes,929.03,TAX3
687,2,10,Bottles,286.4,TAX1
687,1,5,Bottles,802.7,TAX3
687,2,4,Boxes,261.02,TAX1
687,2,5,Boxes,166.14,TAX3
688,3,4,Packets,184.5,TAX1
688,3,8,Bottles,368.11,TAX1
688,3,6,Boxes,577.76,TAX1
689,2,9,Bottles,264.79,TAX2
689,2,9,Boxes,124.99,TAX2
689,3,4,Boxes,864.89,TAX1
689,1,9,Boxes,699.93,TAX2
690,2,4,Bottles,117.32,TAX1
690,1,9,Bottles,755.01,TAX2
690,3,9,Boxes,502.01,TAX2
690,2,3,Boxes,534.15,TAX3
690,2,7,Boxes,412.53,TAX1
691,1,9,Boxes,860.97,TAX2
691,3,5,Packets,332.87,TAX3
691,2,9,Boxes,434.78,TAX2
691,1,3,Packets,280.23,TAX1
691,3,9,Bottles,353.2,TAX1
692,1,6,Boxes,542.76,TAX1
692,1,10,Bottles,378.37,TAX2
692,3,6,Bottles,182.47,TAX1
692,2,3,Packets,142.12,TAX2
693,1,5,Boxes,318.62,TAX2
694,1,2,Bottles,311.0,TAX3
695,2,10,Bottles,127.43,TAX2
695,2,6,Bottles,868.7,TAX3
696,2,2,Boxes,196.34,TAX3
696,3,4,Packets,859.89,TAX3
697,3,2,Bottles,870.62,TAX2
697,3,5,Bottles,179.99,TAX3
697,3,1,Boxes,367.43,TAX2
698,1,3,Packets,331.76,TAX3
698,2,2,Boxes,256.0,TAX3
698,1,1,Boxes,836.1,TAX1
699,2,8,Bottles,554.92,TAX2
699,1,5,Packets,953.05,TAX2
699,1,1,Bottles,775.97,TAX2
699,2,3,Bottles,332.59,TAX1
699,2,4,Bottles,736.77,TAX2
700,1,4,Boxes,149.82,TAX3
700,3,4,Boxes,257.15,TAX1
700,3,1,Boxes,167.09,TAX2
701,1,8,Bottles,337.49,TAX3
701,1,10,Packets,518.3,TAX2
701,3,2,Boxes,846.53,TAX1
701,2,8,Boxes,405.99,TAX2
701,1,1,Boxes,576.45,TAX3
702,1,1,Packets,739.11,TAX2
702,2,10,Bottles,578.54,TAX1
702,3,9,Bottles,710.15,TAX1
702,2,6,Boxes,899.57,TAX3
703,1,7,Packets,348.91,TAX2
703,3,2,Packets,684.82,TAX2
703,2,1,Boxes,383.13,TAX1
704,3,5,Boxes,488.67,TAX1
705,1,5,Packets,584.92,TAX3
706,2,5,Boxes,475.73,TAX1
706,3,5,Boxes,506.24,TAX3
707,1,3,Packets,438.13,TAX2
708,2,10,Bottles,724.85,TAX1
708,1,1,Boxes,928.41,TAX2
708,1,5,Packets,445.9,TAX3
709,1,9,Packets,622.76,TAX2
709,2,5,Packets,333.46,TAX2
709,1,10,Boxes,452.04,TAX1
710,1,5,Packets,726.36,TAX3
710,1,5,Boxes,737.32,TAX1
710,1,1,Packets,325.92,TAX1
710,2,10,Packets,643.54,TAX3
710,3,6,Bottles,578.85,TAX2
711,3,1,Bottles,698.52,TAX1
711,3,8,Boxes,380.27,TAX1
711,2,1,Packets,595.82,TAX1
712,1,7,Bottles,999.23,TAX2
712,1,1,Boxes,586.86,TAX1
712,1,4,Boxes,635.38,TAX1
712,1,1,Bottles,388.16,TAX2
713,1,6,Boxes,767.53,TAX2
714,1,10,Boxes,339.44,TAX3
714,1,5,Boxes,485.37,TAX3
714,1,2,Bottles,472.0,TAX2
715,2,6,Bottles,723.92,TAX1
716,2,8,Bottles,751.92,TAX2
716,2,5,Boxes,217.63,TAX2
716,1,9,Boxes,252.49,TAX3
717,2,10,Packets,163.25,TAX1
717,3,10,Boxes,697.78,TAX3
718,2,6,Boxes,987.1,TAX1
718,2,2,Packets,714.07,TAX1
718,3,2,Packets,878.25,TAX2
718,3,3,Boxes,662.95,TAX3
719,2,8,Packets,326.45,TAX2
719,1,9,Packets,750.82,TAX3
719,2,1,Bottles,969.83,TAX1
720,1,6,Packets,206.72,TAX3
720,3,10,Boxes,431.91,TAX3
720,1,7,Bottles,457.95,TAX2
721,1,4,Bottles,526.08,TAX3
721,3,10,Packets,511.01,TAX3
721,1,6,Boxes,446.57,TAX2
721,2,1,Boxes,164.29,TAX1
722,2,7,Packets,164.26,TAX1
722,1,3,Boxes,877.61,TAX2
722,1,5,Boxes,444.86,TAX3
723,2,6,Boxes,411.48,TAX3
723,2,8,Packets,626.82,TAX1
724,3,7,Boxes,976.71,TAX2
724,1,10,Bottles,137.43,TAX3
725,2,7,Bottles,982.75,TAX2
725,2,2,Boxes,198.33,TAX2
725,3,1,Bottles,656.29,TAX2
726,3,4,Boxes,924.32,TAX3
726,2,2,Bottles,392.69,TAX1
727,3,7,Boxes,326.17,TAX1
727,3,9,Bottles,568.24,TAX2
727,3,3,Bottles,514.15,TAX2
727,3,6,Packets,552.89,TAX1
727,1,7,Boxes,460.42,TAX1
728,3,3,Bottles,593.25,TAX2
728,2,1,Packets,351.69,TAX2
729,2,6,Boxes,890.99,TAX3
729,1,2,Boxes,174.68,TAX1
729,2,9,Boxes,661.1,TAX1
730,3,5,Packets,681.89,TAX3
730,1,7,Boxes,420.08,TAX3
731,3,8,Packets,466.07,TAX2
731,2,7,Bottles,696.82,TAX3
732,3,8,Boxes,358.55,TAX1
733,1,9,Packets,536.82,TAX1
733,2,5,Packets,908.1,TAX3
733,2,5,Boxes,195.28,TAX2
733,1,7,Bottles,950.22,TAX3
733,1,9,Bottles,557.45,TAX2
734,3,2,Bottles,597.68,TAX2
734,3,4,Packets,478.03,TAX3
735,1,10,Packets,243.21,TAX3
736,2,3,Packets,149.51,TAX2
737,3,5,Boxes,289.14,TAX1
737,3,10,Boxes,174.6,TAX3
737,3,7,Bottles,651.35,TAX1
737,3,2,Packets,354.41,TAX1
737,3,3,Packets,168.41,TAX2
738,2,2,Bottles,361.48,TAX3
738,3,6,Bottles,430.67,TAX3
738,2,2,Boxes,613.75,TAX2
738,1,10,Boxes,506.3,TAX2
738,3,2,Boxes,543.36,TAX3
739,2,7,Packets,103.11,TAX2
739,1,3,Bottles,910.78,TAX3
739,3,2,Packets,975.37,TAX1
739,2,2,Packets,180.04,TAX3
739,3,3,Bottles,948.07,TAX1
740,2,3,Boxes,987.11,TAX2
740,1,4,Bottles,387.61,TAX2
740,2,7,Boxes,740.98,TAX2
740,1,7,Packets,203.66,TAX3
740,2,2,Bottles,622.19,TAX2
741,2,4,Boxes,791.32,TAX2
741,3,6,Packets,534.36,TAX3
741,3,2,Boxes,100.91,TAX3
741,1,10,Bottles,846.76,TAX3
742,3,7,Bottles,682.84,TAX1
742,3,6,Packets,883.05,TAX1
742,3,1,Boxes,827.16,TAX2
742,1,8,Boxes,856.62,TAX3
742,3,3,Boxes,522.16,TAX2
743,1,5,Bottles,498.6,TAX2
744,2,3,Packets,179.61,TAX2
744,2,4,Bottles,473.7,TAX3
745,3,1,Bottles,221.9,TAX1
745,3,1,Packets,941.05,TAX3
746,2,7,Packets,901.91,TAX3
746,1,9,Bottles,854.11,TAX1
746,2,1,Packets,925.37,TAX2
746,1,2,Bottles,356.75,TAX3
747,2,10,Packets,353.9,TAX3
747,2,7,Packets,982.35,TAX3
747,2,2,Packets,601.95,TAX1
747,3,2,Boxes,431.28,TAX3
747,2,8,Packets,295.05,TAX1
748,2,7,Bottles,101.71,TAX1
748,1,8,Boxes,712.18,TAX2
748,2,6,Bottles,853.71,TAX2
749,3,5,Boxes,565.29,TAX3
749,3,6,Boxes,505.83,TAX3
750,1,9,Boxes,297.13,TAX3
750,1,4,Bottles,918.98,TAX2
750,1,1,Boxes,384.07,TAX1
750,2,10,Packets,457.24,TAX3
750,2,3,Boxes,260.76,TAX3
751,3,5,Bottles,619.93,TAX2
751,2,4,Packets,210.84,TAX3
751,1,1,Bottles,339.14,TAX3
751,3,9,Boxes,470.74,TAX3
751,2,3,Bottles,220.82,TAX1
752,3,6,Boxes,975.01,TAX1
752,2,3,Bottles,153.29,TAX3
752,2,3,Packets,623.93,TAX3
753,3,5,Boxes,797.21,TAX1
753,3,3,Packets,316.9,TAX2
753,1,1,Boxes,110.55,TAX3
753,3,10,Packets,904.23,TAX2
753,3,9,Bottles,495.75,TAX1
754,1,6,Packets,503.73,TAX3
754,3,7,Bottles,853.89,TAX1
754,2,5,Bottles,967.99,TAX2
754,3,10,Bottles,348.61,TAX3
755,1,6,Boxes,951.05,TAX2
755,2,1,Packets,187.35,TAX1
755,3,6,Boxes,184.81,TAX3
756,2,10,Packets,515.47,TAX1
756,1,8,Bottles,774.23,TAX1
757,3,1,Packets,471.29,TAX3
757,3,9,Bottles,668.56,TAX1
757,2,1,Bottles,717.62,TAX2
757,2,10,Bottles,357.67,TAX3
758,2,2,Boxes,678.19,TAX3
758,2,4,Boxes,757.13,TAX2
758,2,2,Bottles,777.75,TAX3
759,3,3,Boxes,557.61,TAX1
759,2,5,Boxes,693.79,TAX2
760,3,9,Bottles,270.82,TAX3
760,3,10,Bottles,995.33,TAX1
761,2,2,Bottles,478.03,TAX3
761,3,1,Bottles,321.5,TAX2
761,2,7,Bottles,569.69,TAX3
761,2,7,Packets,630.56,TAX1
762,3,10,Packets,515.93,TAX1
762,2,8,Packets,709.03,TAX1
762,2,10,Bottles,363.23,TAX3
762,3,6,Boxes,926.47,TAX2
762,1,1,Packets,226.4,TAX3
763,3,6,Bottles,814.16,TAX3
763,1,1,Bottles,615.29,TAX2
763,3,10,Bottles,618.26,TAX3
763,1,5,Bottles,414.82,TAX1
763,3,10,Packets,333.06,TAX2
764,2,9,Boxes,140.5,TAX2
764,2,2,Boxes,274.07,TAX1
765,2,2,Bottles,381.89,TAX3
765,1,1,Bottles,225.99,TAX1
766,1,4,Bottles,969.25,TAX2
766,2,10,Boxes,596.3,TAX3
766,2,6,Bottles,449.51,TAX3
767,1,2,Packets,404.13,TAX2
767,3,2,Boxes,680.32,TAX1
767,2,5,Packets,292.58,TAX1
767,2,7,Boxes,271.07,TAX2
767,2,6,Boxes,959.45,TAX3
768,3,7,Packets,124.82,TAX2
768,1,10,Bottles,927.2,TAX1
768,2,1,Bottles,936.25,TAX3
769,3,10,Bottles,736.25,TAX3
769,3,6,Packets,209.25,TAX2
769,2,6,Packets,875.73,TAX1
770,1,4,Packets,248.68,TAX3
770,2,10,Boxes,280.42,TAX1
770,2,6,Boxes,204.27,TAX2
770,3,8,Boxes,710.75,TAX2
770,2,10,Packets,368.18,TAX2
771,2,3,Boxes,317.66,TAX3
771,3,9,Packets,371.62,TAX3
771,1,9,Bottles,674.24,TAX1
771,2,5,Boxes,177.57,TAX1
772,3,10,Packets,299.69,TAX3
772,3,5,Packets,936.48,TAX2
773,1,8,Packets,186.56,TAX3
773,2,7,Boxes,963.1,TAX3
774,1,3,Boxes,166.83,TAX1
774,2,2,Bottles,329.06,TAX1
774,3,7,Packets,185.66,TAX3
775,3,1,Bottles,235.34,TAX1
775,3,3,Bottles,613.61,TAX1
775,3,2,Packets,642.45,TAX1
775,3,4,Packets,648.32,TAX1
775,1,10,Bottles,352.46,TAX1
776,3,5,Packets,568.97,TAX2
776,2,4,Boxes,707.72,TAX1
776,2,8,Boxes,113.67,TAX3
777,3,1,Bottles,630.31,TAX2
778,1,8,Bottles,340.93,TAX2
778,3,3,Boxes,897.47,TAX3
779,3,10,Bottles,701.75,TAX2
779,3,3,Bottles,365.98,TAX3
779,3,8,Boxes,819.02,TAX2
779,2,6,Packets,480.75,TAX3
779,1,8,Boxes,145.99,TAX3
780,1,9,Packets,123.34,TAX2
780,2,2,Packets,557.11,TAX1
780,2,4,Bottles,558.78,TAX1
781,1,5,Boxes,194.92,TAX3
782,3,2,Bottles,204.64,TAX1
783,2,10,Packets,506.23,TAX1
784,2,5,Boxes,598.92,TAX1
785,1,4,Bottles,924.11,TAX2
785,1,9,Packets,118.21,TAX3
785,1,9,Packets,603.78,TAX2
785,3,6,Boxes,184.39,TAX3
785,3,4,Packets,121.46,TAX1
786,1,2,Bottles,593.38,TAX2
786,3,1,Packets,388.7,TAX3
786,1,2,Boxes,558.94,TAX2
786,3,8,Packets,116.88,TAX1
786,3,1,Boxes,488.38,TAX1
787,1,3,Packets,428.08,TAX3
788,3,1,Boxes,738.58,TAX2
789,1,4,Packets,166.32,TAX1
789,1,2,Bottles,704.61,TAX3
789,2,5,Packets,675.48,TAX3
790,2,7,Packets,717.89,TAX1
790,1,9,Bottles,278.44,TAX2
790,2,10,Bottles,439.74,TAX3
791,1,4,Bottles,462.98,TAX2
791,1,4,Boxes,797.19,TAX3
792,2,8,Packets,592.12,TAX2
792,2,7,Packets,349.8,TAX2
792,2,3,Packets,276.45,TAX1
793,1,5,Bottles,136.7,TAX3
793,2,9,Bottles,112.03,TAX2
794,1,9,Packets,492.46,TAX3
794,1,3,Boxes,995.26,TAX1
794,3,2,Boxes,975.5,TAX3
794,2,3,Bottles,813.84,TAX3
794,2,7,Boxes,630.67,TAX2
795,3,10,Packets,485.13,TAX3
795,3,9,Boxes,982.36,TAX3
795,3,8,Boxes,462.62,TAX3
795,2,6,Bottles,576.28,TAX2
795,1,2,Bottles,885.07,TAX2
796,2,9,Boxes,708.23,TAX2
796,2,9,Packets,411.05,TAX1
796,2,7,Bottles,576.88,TAX3
796,1,5,Bottles,896.96,TAX1
796,1,4,Bottles,267.62,TAX1
797,1,3,Boxes,296.36,TAX1
797,1,3,Bottles,490.63,TAX1
797,1,10,Packets,119.13,TAX2
797,1,10,Boxes,988.41,TAX1
797,3,1,Packets,449.51,TAX2
798,2,2,Boxes,399.59,TAX3
798,2,6,Packets,185.42,TAX3
799,3,6,Bottles,351.62,TAX1
799,3,5,Bottles,926.49,TAX1
800,2,9,Bottles,794.28,TAX2
800,3,10,Bottles,725.78,TAX1
800,1,10,Packets,173.27,TAX2
800,3,9,Packets,755.48,TAX3
801,1,9,Bottles,754.05,TAX3
801,1,7,Packets,241.14,TAX1
801,2,9,Bottles,955.07,TAX3
801,3,4,Bottles,313.53,TAX3
801,1,9,Bottles,287.55,TAX1
802,1,2,Boxes,429.11,TAX2
802,2,5,Packets,900.82,TAX1
803,3,8,Packets,333.22,TAX1
803,3,3,Boxes,949.98,TAX1
803,3,4,Bottles,475.76,TAX2
803,1,1,Bottles,355.11,TAX3
803,3,8,Boxes,491.97,TAX3
804,1,1,Packets,818.87,TAX3
804,1,6,Boxes,468.65,TAX1
804,2,6,Packets,448.88,TAX3
804,2,8,Bottles,744.64,TAX1
804,3,1,Packets,178.81,TAX3
805,1,5,Packets,232.8,TAX3
805,3,4,Boxes,526.12,TAX2
806,2,4,Boxes,127.2,TAX3
807,1,10,Packets,824.77,TAX2
807,3,2,Bottles,990.98,TAX2
807,2,10,Boxes,976.61,TAX1
808,1,3,Bottles,243.17,TAX1
809,1,8,Bottles,189.22,TAX3
809,3,9,Bottles,862.03,TAX1
809,3,3,Bottles,334.03,TAX2
809,1,1,Bottles,910.97,TAX1
810,3,6,Boxes,147.24,TAX3
811,1,4,Boxes,512.22,TAX1
811,3,5,Packets,962.92,TAX2
811,3,7,Packets,399.56,TAX3
811,2,5,Boxes,374.86,TAX1
811,2,1,Boxes,642.34,TAX1
812,2,4,Bottles,137.83,TAX3
812,3,10,Bottles,139.43,TAX3
812,2,1,Packets,624.81,TAX2
813,1,4,Bottles,781.97,TAX1
813,2,1,Bottles,160.96,TAX1
813,3,2,Packets,678.36,TAX1
813,2,2,Bottles,442.81,TAX3
814,3,8,Bottles,801.16,TAX1
814,3,6,Packets,579.38,TAX2
814,3,3,Packets,128.52,TAX2
815,1,6,Packets,707.15,TAX3
815,1,6,Bottles,232.87,TAX2
816,2,6,Bottles,605.07,TAX3
816,3,4,Boxes,940.52,TAX3
817,2,6,Bottles,574.09,TAX2
817,1,7,Packets,512.27,TAX3
817,2,7,Bottles,453.02,TAX1
817,3,4,Boxes,370.01,TAX1
817,1,1,Boxes,379.35,TAX3
818,3,9,Boxes,782.61,TAX2
818,1,3,Boxes,723.92,TAX2
819,2,3,Packets,410.58,TAX2
819,3,2,Bottles,706.32,TAX2
820,2,3,Packets,364.05,TAX3
821,2,6,Boxes,539.37,TAX3
821,1,9,Boxes,828.54,TAX3
821,1,3,Boxes,971.66,TAX2
822,2,1,Bottles,719.41,TAX3
822,2,1,Boxes,211.36,TAX1
822,3,1,Boxes,541.27,TAX2
822,1,6,Bottles,513.58,TAX2
822,2,4,Bottles,444.09,TAX3
823,2,9,Bottles,419.6,TAX3
824,2,9,Bottles,734.85,TAX3
824,3,2,Boxes,302.71,TAX3
824,1,6,Boxes,869.82,TAX1
824,1,4,Packets,188.13,TAX1
825,3,2,Boxes,795.34,TAX1
825,2,1,Packets,417.58,TAX1
825,3,7,Packets,684.55,TAX3
825,3,7,Bottles,563.36,TAX3
825,3,6,Boxes,826.92,TAX1
826,3,2,Bottles,442.34,TAX1
827,2,9,Boxes,789.56,TAX2
827,2,10,Packets,244.25,TAX2
827,1,1,Bottles,788.76,TAX2
828,2,9,Bottles,147.9,TAX2
828,2,1,Packets,565.22,TAX2
828,3,10,Boxes,249.42,TAX2
829,2,1,Boxes,174.19,TAX1
829,2,6,Packets,836.95,TAX1
829,3,10,Bottles,409.98,TAX2
830,2,10,Packets,194.73,TAX1
830,1,5,Bottles,559.29,TAX3
830,1,8,Boxes,125.87,TAX2
831,3,6,Boxes,850.6,TAX1
831,1,4,Bottles,984.1,TAX1
831,3,5,Boxes,205.54,TAX2
831,2,1,Bottles,631.08,TAX2
832,3,4,Packets,616.85,TAX2
832,3,6,Packets,428.79,TAX1
833,2,1,Boxes,212.63,TAX1
833,2,6,Boxes,652.68,TAX2
833,1,3,Packets,490.12,TAX2
833,2,1,Packets,554.82,TAX3
834,2,9,Bottles,634.97,TAX2
834,1,7,Packets,208.79,TAX1
834,1,8,Bottles,634.41,TAX1
835,3,10,Packets,481.15,TAX1
835,2,5,Packets,888.49,TAX1
835,2,4,Bottles,314.4,TAX2
835,2,5,Bottles,686.71,TAX2
836,2,2,Bottles,337.4,TAX2
837,3,7,Bottles,941.19,TAX1
837,2,6,Bottles,239.32,TAX2
837,3,1,Bottles,811.46,TAX2
837,3,7,Bottles,922.18,TAX3
838,1,6,Boxes,832.0,TAX3
838,3,5,Packets,144.15,TAX1
838,2,6,Packets,478.67,TAX1
838,1,10,Packets,802.5,TAX1
838,3,8,Packets,381.91,TAX3
839,2,9,Bottles,880.73,TAX2
839,3,2,Boxes,649.34,TAX2
839,2,3,Bottles,682.3,TAX1
840,1,9,Packets,124.87,TAX2
840,3,4,Bottles,569.8,TAX3
840,1,8,Bottles,337.92,TAX2
840,1,5,Boxes,870.03,TAX2
841,1,5,Boxes,710.48,TAX2
841,1,1,Boxes,690.29,TAX2
841,3,7,Bottles,472.48,TAX1
841,3,7,Packets,603.59,TAX3
842,1,10,Packets,641.46,TAX3
843,1,9,Bottles,205.82,TAX3
843,3,6,Bottles,759.99,TAX2
843,3,5,Boxes,352.36,TAX1
843,2,7,Bottles,609.76,TAX1
844,1,2,Bottles,446.31,TAX2
844,2,1,Boxes,769.11,TAX1
845,3,1,Packets,535.66,TAX2
845,3,6,Bottles,308.27,TAX3
845,1,2,Packets,796.67,TAX1
846,3,5,Packets,196.56,TAX1
846,1,8,Packets,755.26,TAX3
847,3,9,Boxes,389.55,TAX2
847,1,2,Boxes,721.91,TAX3
847,2,7,Bottles,558.73,TAX1
847,1,8,Bottles,460.76,TAX2
848,1,6,Bottles,518.43,TAX2
848,2,1,Bottles,560.36,TAX3
849,3,9,Bottles,368.38,TAX3
849,1,6,Packets,411.51,TAX2
849,1,10,Boxes,335.92,TAX1
849,2,4,Bottles,490.36,TAX3
849,2,9,Bottles,628.72,TAX3
850,2,10,Bottles,665.0,TAX1
850,3,5,Boxes,436.57,TAX2
850,3,1,Packets,716.15,TAX1
850,3,2,Bottles,637.01,TAX3
851,1,9,Bottles,700.91,TAX3
852,1,9,Boxes,273.19,TAX3
852,2,5,Packets,328.51,TAX3
852,2,5,Boxes,487.56,TAX3
853,3,10,Bottles,695.93,TAX1
853,2,10,Boxes,677.45,TAX1
853,2,10,Boxes,172.18,TAX2
854,3,1,Packets,133.81,TAX3
854,2,6,Bottles,360.09,TAX3
855,3,1,Packets,558.8,TAX1
856,1,7,Bottles,456.54,TAX2
856,2,2,Bottles,925.33,TAX1
856,3,1,Packets,754.36,TAX2
856,3,9,Boxes,717.65,TAX2
857,1,5,Packets,398.38,TAX1
857,1,9,Boxes,622.16,TAX2
857,1,2,Packets,277.5,TAX2
857,3,7,Packets,417.64,TAX1
857,2,4,Bottles,497.95,TAX1
858,2,6,Packets,919.28,TAX1
858,3,10,Packets,816.99,TAX1
859,1,9,Packets,332.92,TAX2
860,1,8,Packets,239.55,TAX1
861,3,10,Boxes,242.05,TAX2
861,2,6,Bottles,167.57,TAX2
862,1,1,Packets,970.9,TAX1
862,1,5,Bottles,689.08,TAX3
862,3,3,Boxes,289.06,TAX3
863,3,9,Bottles,461.11,TAX3
863,1,7,Boxes,649.7,TAX3
863,1,4,Bottles,623.35,TAX3
864,1,2,Boxes,153.61,TAX3
864,2,3,Packets,167.58,TAX1
864,1,4,Packets,456.77,TAX1
864,2,4,Boxes,220.91,TAX3
865,1,9,Boxes,636.24,TAX1
865,2,8,Bottles,586.5,TAX3
865,1,8,Boxes,768.21,TAX1
865,3,4,Boxes,685.84,TAX2
865,2,4,Packets,118.98,TAX3
866,3,3,Packets,949.14,TAX2
866,2,9,Packets,759.06,TAX3
866,2,9,Bottles,823.64,TAX2
866,3,9,Packets,604.8,TAX3
867,2,5,Packets,956.88,TAX1
867,2,3,Boxes,277.92,TAX2
867,3,10,Boxes,633.29,TAX1
868,1,2,Bottles,697.51,TAX2
869,1,6,Boxes,870.5,TAX2
870,3,9,Boxes,308.88,TAX2
871,3,10,Boxes,653.86,TAX1
872,2,7,Boxes,655.01,TAX2
872,2,4,Boxes,743.73,TAX2
872,2,8,Packets,694.47,TAX2
873,3,7,Boxes,585.95,TAX1
873,3,4,Boxes,288.62,TAX3
874,1,5,Packets,643.44,TAX3
874,3,9,Boxes,488.74,TAX1
874,2,3,Bottles,919.61,TAX3
875,1,2,Boxes,379.67,TAX1
875,3,7,Boxes,822.33,TAX1
875,3,4,Bottles,436.59,TAX3
875,2,2,Boxes,650.39,TAX3
876,3,1,Boxes,641.63,TAX3
876,2,9,Packets,195.65,TAX3
876,1,9,Bottles,663.42,TAX1
877,2,3,Bottles,631.65,TAX2
877,3,8,Packets,577.04,TAX1
877,2,8,Boxes,258.8,TAX2
877,3,6,Boxes,692.43,TAX1
877,2,10,Packets,904.58,TAX2
878,1,5,Boxes,243.88,TAX2
878,3,10,Packets,153.82,TAX2
879,3,3,Boxes,409.66,TAX2
879,2,7,Bottles,790.22,TAX3
879,3,1,Packets,928.9,TAX2
879,1,10,Bottles,354.22,TAX3
879,3,2,Bottles,288.27,TAX1
880,2,8,Bottles,526.63,TAX3
880,3,9,Packets,665.77,TAX1
880,1,3,Boxes,821.24,TAX1
880,3,2,Packets,697.95,TAX3
881,1,8,Boxes,814.0,TAX3
881,1,10,Bottles,881.66,TAX3
881,3,7,Boxes,754.56,TAX3
881,2,10,Boxes,212.14,TAX3
882,2,3,Bottles,253.9,TAX2
882,2,6,Boxes,176.17,TAX2
882,2,7,Bottles,991.64,TAX3
883,2,5,Packets,452.7,TAX2
883,2,2,Boxes,590.33,TAX3
883,1,10,Boxes,770.5,TAX3
883,1,3,Packets,645.1,TAX2
884,3,8,Boxes,787.19,TAX1
885,3,10,Boxes,431.68,TAX2
885,3,10,Boxes,897.96,TAX1
885,3,5,Packets,193.45,TAX1
885,1,4,Boxes,995.38,TAX1
886,2,3,Boxes,923.26,TAX2
887,1,9,Packets,132.06,TAX1
887,1,10,Bottles,451.13,TAX2
887,3,6,Packets,415.55,TAX1
887,3,3,Packets,804.15,TAX1
888,1,9,Bottles,496.4,TAX3
888,1,4,Boxes,993.34,TAX1
888,3,1,Bottles,422.11,TAX2
889,1,2,Packets,180.67,TAX3
890,2,6,Boxes,312.92,TAX3
890,2,2,Packets,813.7,TAX2
890,2,6,Boxes,233.72,TAX3
890,3,9,Bottles,904.06,TAX2
891,1,6,Bottles,812.79,TAX1
892,1,2,Boxes,812.6,TAX2
892,1,10,Bottles,498.3,TAX2
892,3,9,Packets,305.88,TAX2
893,1,10,Packets,102.36,TAX3
893,1,10,Packets,880.72,TAX1
893,2,5,Boxes,866.5,TAX3
893,1,9,Boxes,982.8,TAX3
893,3,1,Packets,369.4,TAX1
894,3,6,Boxes,951.99,TAX1
894,1,6,Packets,928.29,TAX1
894,3,9,Bottles,473.92,TAX2
894,2,8,Packets,248.22,TAX3
894,1,6,Boxes,796.09,TAX3
895,3,4,Boxes,730.45,TAX1
895,3,3,Bottles,789.28,TAX2
895,3,8,Bottles,746.08,TAX1
895,1,9,Bottles,641.87,TAX1
896,2,5,Boxes,520.2,TAX1
897,1,2,Packets,853.22,TAX3
897,2,4,Packets,533.51,TAX1
897,1,10,Bottles,905.04,TAX3
897,1,7,Packets,404.84,TAX3
897,2,6,Bottles,814.18,TAX1
898,2,9,Packets,246.94,TAX1
899,2,8,Boxes,633.86,TAX3
899,1,6,Bottles,782.46,TAX2
899,2,3,Boxes,267.42,TAX3
900,2,9,Boxes,439.74,TAX3
901,2,7,Bottles,194.37,TAX3
902,2,2,Bottles,541.84,TAX1
902,2,2,Bottles,575.44,TAX1
902,2,1,Bottles,635.66,TAX2
903,2,6,Packets,923.15,TAX2
903,2,4,Boxes,915.76,TAX1
904,3,1,Boxes,388.63,TAX2
904,2,7,Packets,506.04,TAX3
905,2,2,Packets,314.57,TAX2
905,2,4,Boxes,515.46,TAX3
905,1,3,Boxes,511.53,TAX2
905,1,4,Bottles,432.92,TAX1
906,2,5,Packets,627.69,TAX3
907,2,10,Bottles,429.87,TAX1
908,1,5,Bottles,673.25,TAX3
908,2,9,Boxes,535.94,TAX1
908,2,2,Packets,830.57,TAX2
908,1,3,Packets,731.38,TAX2
909,2,2,Packets,333.69,TAX2
909,3,7,Packets,683.49,TAX2
909,2,2,Boxes,499.69,TAX3
909,2,10,Packets,948.68,TAX3
909,2,5,Boxes,148.43,TAX1
910,2,1,Packets,467.56,TAX2
910,1,3,Bottles,837.36,TAX1
910,3,6,Packets,656.85,TAX2
911,3,4,Boxes,981.69,TAX1
911,3,10,Bottles,854.58,TAX2
911,1,8,Bottles,851.75,TAX1
911,2,9,Bottles,535.08,TAX2
911,3,10,Packets,442.71,TAX2
912,3,9,Packets,485.97,TAX1
912,1,9,Boxes,358.35,TAX2
913,3,2,Bottles,850.11,TAX2
913,2,4,Bottles,490.52,TAX1
913,1,10,Bottles,965.47,TAX2
914,1,7,Boxes,488.77,TAX3
914,1,9,Bottles,554.72,TAX3
914,2,4,Bottles,294.43,TAX1
914,3,5,Boxes,911.06,TAX2
914,2,8,Bottles,193.65,TAX2
915,1,10,Bottles,202.68,TAX1
915,2,4,Bottles,374.02,TAX1
915,1,8,Boxes,421.43,TAX2
916,1,3,Packets,672.62,TAX1
916,3,1,Bottles,586.66,TAX1
916,3,5,Bottles,730.31,TAX1
917,1,3,Bottles,436.0,TAX3
918,3,2,Packets,633.98,TAX3
918,1,3,Bottles,793.44,TAX1
918,3,7,Packets,926.15,TAX2
918,3,2,Bottles,546.45,TAX3
918,3,4,Boxes,658.3,TAX3
919,3,1,Packets,420.26,TAX1
919,3,2,Bottles,816.45,TAX3
919,2,3,Packets,678.77,TAX3
920,3,3,Bottles,650.03,TAX2
920,3,7,Bottles,688.77,TAX2
920,1,5,Bottles,632.64,TAX2
920,3,6,Boxes,306.68,TAX2
920,3,7,Bottles,341.39,TAX1
921,3,5,Bottles,175.36,TAX3
921,1,10,Boxes,914.09,TAX3
922,1,3,Boxes,935.99,TAX2
922,1,4,Boxes,509.98,TAX3
922,1,3,Boxes,908.42,TAX3
922,1,10,Boxes,610.88,TAX2
922,1,9,Bottles,311.22,TAX1
923,1,8,Bottles,710.2,TAX3
924,3,6,Packets,384.5,TAX2
924,3,10,Packets,142.29,TAX1
924,2,10,Packets,912.48,TAX2
924,1,3,Packets,830.46,TAX2
924,1,8,Bottles,318.15,TAX3
925,1,8,Packets,576.38,TAX1
925,3,2,Bottles,174.81,TAX2
925,3,2,Boxes,254.51,TAX1
926,2,5,Boxes,782.32,TAX3
926,2,8,Packets,599.43,TAX2
926,2,4,Packets,385.29,TAX1
926,2,6,Bottles,862.73,TAX2
926,2,10,Boxes,831.51,TAX1
927,2,1,Boxes,281.08,TAX1
928,2,1,Boxes,454.42,TAX2
929,1,10,Bottles,767.26,TAX1
929,1,10,Bottles,469.5,TAX2
930,2,6,Boxes,706.66,TAX2
930,1,1,Packets,815.42,TAX3
930,1,8,Boxes,300.05,TAX2
930,2,9,Packets,819.55,TAX2
930,1,2,Bottles,600.81,TAX1
931,3,8,Packets,439.88,TAX1
931,2,8,Bottles,742.75,TAX3
932,2,1,Boxes,597.73,TAX3
932,1,3,Packets,375.1,TAX3
932,3,4,Bottles,542.91,TAX3
933,3,3,Boxes,728.42,TAX1
933,1,9,Bottles,482.35,TAX1
933,3,8,Packets,549.12,TAX1
933,3,5,Packets,778.61,TAX3
933,1,3,Packets,178.27,TAX2
934,3,10,Packets,729.46,TAX1
935,2,8,Bottles,100.46,TAX1
936,3,4,Packets,868.92,TAX2
936,2,6,Packets,501.31,TAX3
936,1,4,Bottles,454.38,TAX3
936,1,9,Boxes,808.35,TAX2
936,1,6,Packets,250.78,TAX3
937,1,6,Bottles,624.2,TAX2
938,1,7,Bottles,118.05,TAX1
938,2,3,Boxes,430.37,TAX1
938,2,6,Boxes,192.78,TAX2
938,3,3,Boxes,480.0,TAX2
939,3,5,Bottles,479.94,TAX3
940,2,9,Packets,665.41,TAX3
940,3,1,Boxes,360.76,TAX3
940,2,4,Boxes,778.73,TAX3
941,3,10,Packets,145.52,TAX2
942,1,9,Bottles,652.29,TAX3
942,1,9,Boxes,695.31,TAX2
942,3,10,Boxes,421.97,TAX3
942,3,6,Bottles,470.47,TAX3
943,2,8,Boxes,565.36,TAX3
943,2,7,Bottles,171.01,TAX3
943,3,1,Bottles,574.02,TAX2
943,3,10,Boxes,328.52,TAX1
944,2,4,Bottles,546.05,TAX1
944,3,3,Packets,958.46,TAX2
944,1,8,Bottles,985.63,TAX3
944,1,8,Bottles,730.08,TAX2
944,3,9,Packets,677.78,TAX2
945,1,7,Packets,766.07,TAX3
945,3,10,Bottles,173.1,TAX3
945,3,8,Packets,445.12,TAX1
945,2,4,Bottles,100.67,TAX3
946,2,4,Packets,548.59,TAX1
946,1,6,Packets,433.87,TAX1
947,3,10,Packets,792.75,TAX3
947,3,6,Bottles,907.41,TAX3
947,2,1,Packets,823.47,TAX2
947,2,3,Boxes,793.75,TAX2
947,1,2,Packets,615.66,TAX2
948,2,6,Packets,968.66,TAX3
948,2,2,Packets,392.4,TAX1
949,2,10,Bottles,525.27,TAX2
949,2,5,Packets,150.68,TAX2
949,1,6,Packets,888.1,TAX1
949,2,8,Bottles,758.38,TAX2
949,2,8,Bottles,958.72,TAX1
950,2,5,Bottles,688.53,TAX1
951,2,1,Bottles,874.33,TAX3
951,1,3,Bottles,526.04,TAX3
951,2,6,Bottles,928.3,TAX2
951,3,7,Packets,481.2,TAX1
951,1,2,Packets,126.31,TAX3
952,1,3,Packets,142.4,TAX3
952,2,2,Bottles,925.24,TAX1
952,3,9,Packets,199.28,TAX2
952,1,6,Bottles,881.2,TAX2
952,3,6,Boxes,573.65,TAX2
953,3,2,Bottles,789.21,TAX2
953,3,3,Boxes,934.15,TAX1
953,1,10,Packets,414.07,TAX1
953,3,4,Boxes,377.37,TAX1
953,2,8,Packets,152.57,TAX3
954,1,1,Bottles,568.89,TAX1
954,2,7,Packets,232.43,TAX3
955,1,4,Packets,796.01,TAX2
956,1,10,Packets,989.69,TAX2
957,2,8,Boxes,576.88,TAX3
957,3,6,Bottles,716.73,TAX1
957,1,3,Bottles,101.05,TAX3
957,2,2,Boxes,440.08,TAX2
957,2,4,Boxes,747.66,TAX3
958,2,6,Packets,324.79,TAX1
958,1,4,Bottles,608.88,TAX1
958,2,10,Bottles,597.79,TAX2
958,1,2,Bottles,166.8,TAX1
958,3,8,Packets,565.02,TAX3
959,1,1,Boxes,670.38,TAX2
959,3,2,Packets,195.74,TAX2
959,2,7,Packets,239.1,TAX3
960,2,5,Bottles,466.61,TAX3
961,2,1,Packets,587.31,TAX1
962,3,1,Bottles,800.64,TAX1
962,3,8,Packets,845.1,TAX1
962,3,8,Packets,253.86,TAX3
963,3,10,Bottles,592.13,TAX3
963,3,4,Boxes,387.52,TAX2
963,3,6,Packets,642.48,TAX3
963,2,4,Boxes,315.52,TAX1
963,2,10,Packets,502.05,TAX3
964,1,2,Boxes,540.75,TAX2
964,3,2,Boxes,542.56,TAX2
965,1,8,Packets,605.49,TAX3
965,3,2,Boxes,274.64,TAX1
965,2,5,Bottles,894.26,TAX3
965,2,10,Bottles,537.57,TAX3
966,3,6,Bottles,216.71,TAX1
966,1,7,Bottles,649.21,TAX1
966,1,7,Bottles,460.27,TAX2
967,2,8,Boxes,128.29,TAX2
967,1,8,Boxes,615.36,TAX1
967,1,9,Boxes,328.51,TAX2
968,3,6,Packets,767.2,TAX1
968,2,10,Packets,375.02,TAX1
969,3,6,Bottles,343.27,TAX2
970,3,10,Packets,629.7,TAX2
970,2,9,Packets,542.36,TAX1
970,3,8,Bottles,582.04,TAX3
970,2,1,Packets,430.92,TAX3
971,2,5,Packets,712.44,TAX1
972,3,10,Boxes,498.85,TAX3
973,1,4,Bottles,464.34,TAX2
973,1,5,Packets,735.19,TAX3
974,1,4,Boxes,708.88,TAX2
974,3,2,Boxes,508.86,TAX1
975,2,2,Bottles,284.95,TAX2
976,1,8,Packets,410.22,TAX1
976,2,6,Boxes,587.47,TAX1
977,1,10,Bottles,144.73,TAX1
977,2,7,Packets,883.68,TAX1
977,3,10,Packets,724.31,TAX2
977,3,9,Boxes,178.06,TAX3
978,3,7,Packets,389.85,TAX1
979,3,1,Bottles,795.2,TAX1
979,3,5,Boxes,941.48,TAX2
979,2,1,Packets,890.24,TAX2
979,3,2,Bottles,677.14,TAX2
979,1,9,Boxes,742.99,TAX1
980,2,10,Bottles,778.01,TAX3
980,3,1,Bottles,683.39,TAX2
980,3,6,Packets,333.56,TAX1
980,1,7,Boxes,196.87,TAX3
980,3,1,Boxes,689.13,TAX2
981,3,10,Bottles,258.44,TAX1
981,1,2,Packets,383.27,TAX2
981,1,1,Boxes,322.98,TAX3
981,1,9,Packets,149.93,TAX1
982,2,5,Bottles,106.26,TAX3
982,2,6,Bottles,595.59,TAX2
983,1,9,Packets,292.25,TAX3
983,2,4,Packets,306.26,TAX1
983,2,7,Boxes,215.0,TAX3
983,2,1,Bottles,994.86,TAX3
983,2,6,Boxes,465.83,TAX2
984,2,3,Bottles,162.66,TAX3
984,3,3,Packets,677.69,TAX2
984,3,1,Packets,446.81,TAX3
984,2,6,Bottles,322.09,TAX1
985,3,10,Bottles,810.46,TAX3
985,2,9,Bottles,555.93,TAX1
985,1,1,Bottles,575.19,TAX2
985,2,10,Boxes,911.76,TAX2
985,2,2,Packets,793.18,TAX3
986,3,5,Bottles,849.28,TAX3
986,1,3,Bottles,244.9,TAX1
986,2,1,Boxes,275.15,TAX2
986,1,9,Bottles,463.35,TAX3
986,1,8,Boxes,683.72,TAX2
987,1,1,Boxes,853.52,TAX1
988,3,6,Bottles,763.85,TAX1
988,1,3,Bottles,760.62,TAX3
988,1,2,Boxes,316.36,TAX3
988,1,9,Packets,270.23,TAX2
989,2,7,Packets,858.88,TAX3
989,3,6,Packets,396.96,TAX3
989,2,5,Packets,259.54,TAX3
990,2,4,Bottles,353.12,TAX3
990,2,3,Bottles,980.18,TAX3
990,3,2,Bottles,968.67,TAX1
990,1,1,Boxes,521.08,TAX3
991,1,9,Bottles,588.91,TAX1
991,3,10,Bottles,798.43,TAX1
991,1,7,Boxes,818.03,TAX3
992,2,1,Packets,419.11,TAX1
992,1,4,Packets,340.98,TAX2
992,3,6,Packets,875.45,TAX1
992,3,5,Packets,389.99,TAX3
992,1,8,Boxes,676.83,TAX2
993,3,1,Packets,971.42,TAX1
993,2,3,Bottles,278.87,TAX2
993,3,8,Bottles,891.97,TAX1
993,2,4,Bottles,133.51,TAX2
994,3,10,Bottles,734.32,TAX2
994,2,1,Boxes,332.93,TAX3
994,3,7,Bottles,694.32,TAX3
995,2,3,Boxes,692.15,TAX3
995,3,6,Boxes,556.43,TAX1
995,1,5,Boxes,818.39,TAX3
996,1,2,Boxes,504.85,TAX3
997,1,2,Packets,751.16,TAX1
997,1,3,Boxes,765.21,TAX1
998,3,3,Bottles,779.65,TAX1
998,3,6,Boxes,871.62,TAX2
998,2,7,Bottles,187.77,TAX2
999,1,6,Bottles,957.24,TAX3
999,1,7,Bottles,749.72,TAX3
999,2,9,Packets,931.15,TAX3
999,3,9,Bottles,266.06,TAX1
999,2,1,Packets,314.01,TAX1
1000,3,2,Boxes,835.26,TAX1
